pincode,office_name,district,state
342001,Jodhpur GPO,Jodhpur,Rajasthan
342003,Shastri Nagar,Jodhpur,Rajasthan
342005,Ratanada,Jodhpur,Rajasthan
342008,Residency Road,Jodhpur,Rajasthan
342011,Paota,Jodhpur,Rajasthan
342024,AIIMS Jodhpur,Jodhpur,Rajasthan
342301,Phalodi HO,Phalodi,Rajasthan
302001,Jaipur GPO,Jaipur,Rajasthan
302017,Malviya Nagar,Jaipur,Rajasthan
302020,Mansarovar,Jaipur,Rajasthan
305001,Ajmer GPO,Ajmer,Rajasthan
334001,Bikaner HO,Bikaner,Rajasthan
324001,Kota HO,Kota,Rajasthan
313001,Udaipur City HO,Udaipur,Rajasthan
560001,Bengaluru GPO,Bengaluru Urban,Karnataka
560002,City Market,Bengaluru Urban,Karnataka
560003,Malleshwaram,Bengaluru Urban,Karnataka
560004,Basavanagudi,Bengaluru Urban,Karnataka
560008,Halasuru,Bengaluru Urban,Karnataka
560010,Rajajinagar,Bengaluru Urban,Karnataka
560011,Jayanagar,Bengaluru Urban,Karnataka
560017,Vimanapura / HAL,Bengaluru Urban,Karnataka
560025,Richmond Town,Bengaluru Urban,Karnataka
560034,Koramangala,Bengaluru Urban,Karnataka
560037,Marathahalli,Bengaluru Urban,Karnataka
560038,Indiranagar,Bengaluru Urban,Karnataka
560043,Kalyan Nagar,Bengaluru Urban,Karnataka
560066,Whitefield,Bengaluru Urban,Karnataka
560068,Madivala,Bengaluru Urban,Karnataka
560076,BTM Layout,Bengaluru Urban,Karnataka
560078,JP Nagar,Bengaluru Urban,Karnataka
560085,Banashankari 3rd Stage,Bengaluru Urban,Karnataka
560090,Abbigere / Chikbanavara,Bengaluru Urban,Karnataka
560091,Viswaneedam,Bengaluru Urban,Karnataka
560092,Sahakara Nagar,Bengaluru Urban,Karnataka
560100,Electronic City,Bengaluru Urban,Karnataka
560102,HSR Layout,Bengaluru Urban,Karnataka
560103,Bellandur,Bengaluru Urban,Karnataka
570001,Mysuru Head Office,Mysuru,Karnataka
575001,Mangaluru HO,Dakshina Kannada,Karnataka
580001,Hubballi HO,Dharwad,Karnataka
590001,Belagavi HO,Belagavi,Karnataka
500001,Hyderabad GPO,Hyderabad,Telangana
500003,Secunderabad HO,Hyderabad,Telangana
500016,Begumpet,Hyderabad,Telangana
500032,Gachibowli,Rangareddy,Telangana
500033,Jubilee Hills,Hyderabad,Telangana
500034,Banjara Hills,Hyderabad,Telangana
500039,Uppal,Medchal-Malkajgiri,Telangana
500072,Kukatpally,Medchal-Malkajgiri,Telangana
500081,Hitech City / Madhapur,Hyderabad,Telangana
500084,Kondapur,Rangareddy,Telangana
506001,Warangal HO,Warangal,Telangana
530001,Visakhapatnam HO,Visakhapatnam,Andhra Pradesh
520001,Vijayawada HO,NTR District,Andhra Pradesh
522001,Guntur HO,Guntur,Andhra Pradesh
517501,Tirupati HO,Tirupati,Andhra Pradesh
400001,Mumbai GPO,Mumbai,Maharashtra
400005,Colaba,Mumbai,Maharashtra
400013,Lower Parel,Mumbai,Maharashtra
400020,Churchgate,Mumbai,Maharashtra
400050,Bandra West,Mumbai Suburban,Maharashtra
400051,Bandra East,Mumbai Suburban,Maharashtra
400053,Andheri West,Mumbai Suburban,Maharashtra
400069,Andheri East,Mumbai Suburban,Maharashtra
400076,Powai,Mumbai Suburban,Maharashtra
400099,Mumbai Airport SO,Mumbai Suburban,Maharashtra
411001,Pune GPO,Pune,Maharashtra
411014,Viman Nagar,Pune,Maharashtra
411045,Baner,Pune,Maharashtra
411057,Hinjawadi,Pune,Maharashtra
440001,Nagpur GPO,Nagpur,Maharashtra
422001,Nashik HO,Nashik,Maharashtra
403001,Panaji HO,North Goa,Goa
110001,New Delhi GPO,New Delhi,Delhi
110003,Pandara Road,Central Delhi,Delhi
110016,Hauz Khas,South Delhi,Delhi
110017,Malviya Nagar,South Delhi,Delhi
110020,Okhla Industrial Estate,South Delhi,Delhi
110024,Lajpat Nagar,South Delhi,Delhi
110029,Safdarjung Enclave,South Delhi,Delhi
110075,Dwarka Sector 6,South West Delhi,Delhi
110092,Nirman Vihar,East Delhi,Delhi
122001,Gurugram HO,Gurugram,Haryana
122002,DLF Phase 1,Gurugram,Haryana
122018,Udyog Vihar,Gurugram,Haryana
201301,Noida Sector 16,Gautam Buddha Nagar,Uttar Pradesh
201307,Noida Sector 62,Gautam Buddha Nagar,Uttar Pradesh
201001,Ghaziabad HO,Ghaziabad,Uttar Pradesh
226001,Lucknow GPO,Lucknow,Uttar Pradesh
208001,Kanpur HO,Kanpur Nagar,Uttar Pradesh
221001,Varanasi HO,Varanasi,Uttar Pradesh
211001,Prayagraj HO,Prayagraj,Uttar Pradesh
600001,Chennai GPO,Chennai,Tamil Nadu
600004,Mylapore,Chennai,Tamil Nadu
600017,T Nagar,Chennai,Tamil Nadu
600028,RA Puram,Chennai,Tamil Nadu
600032,Guindy,Chennai,Tamil Nadu
600040,Anna Nagar,Chennai,Tamil Nadu
600096,Perungudi,Chennai,Tamil Nadu
600113,Taramani / OMR,Chennai,Tamil Nadu
641001,Coimbatore HO,Coimbatore,Tamil Nadu
625001,Madurai HO,Madurai,Tamil Nadu
682001,Kochi GPO,Ernakulam,Kerala
695001,Thiruvananthapuram GPO,Thiruvananthapuram,Kerala
673001,Kozhikode HO,Kozhikode,Kerala
700001,Kolkata GPO,Kolkata,West Bengal
700016,Park Street,Kolkata,West Bengal
700019,Ballygunge,Kolkata,West Bengal
700029,Rash Behari Avenue,Kolkata,West Bengal
700091,Salt Lake Sector V,North 24 Parganas,West Bengal
700156,New Town Action Area 1,North 24 Parganas,West Bengal
734001,Siliguri HO,Darjeeling,West Bengal
751001,Bhubaneswar GPO,Khurda,Odisha
781001,Guwahati GPO,Kamrup Metropolitan,Assam
380001,Ahmedabad GPO,Ahmedabad,Gujarat
380015,Satellite,Ahmedabad,Gujarat
390001,Vadodara HO,Vadodara,Gujarat
395001,Surat HO,Surat,Gujarat
452001,Indore GPO,Indore,Madhya Pradesh
462001,Bhopal GPO,Bhopal,Madhya Pradesh
492001,Raipur GPO,Raipur,Chhattisgarh
800001,Patna GPO,Patna,Bihar
834001,Ranchi GPO,Ranchi,Jharkhand
141001,Ludhiana GPO,Ludhiana,Punjab
160017,Chandigarh GPO,Chandigarh,Chandigarh
171001,Shimla GPO,Shimla,Himachal Pradesh
190001,Srinagar GPO,Srinagar,Jammu & Kashmir
180001,Jammu HO,Jammu,Jammu & Kashmir
248001,Dehradun GPO,Dehradun,Uttarakhand
341996,Jodhpur GPO Sub-Post Office #5,Jodhpur,Rajasthan
341997,Jodhpur GPO Sub-Post Office #4,Jodhpur,Rajasthan
341998,Jodhpur GPO Sub-Post Office #3,Jodhpur,Rajasthan
341999,Jodhpur GPO Sub-Post Office #2,Jodhpur,Rajasthan
342000,Jodhpur GPO Sub-Post Office #1,Jodhpur,Rajasthan
342002,Jodhpur GPO Sub-Post Office #1,Jodhpur,Rajasthan
342003,Jodhpur GPO Sub-Post Office #2,Jodhpur,Rajasthan
342004,Jodhpur GPO Sub-Post Office #3,Jodhpur,Rajasthan
342005,Jodhpur GPO Sub-Post Office #4,Jodhpur,Rajasthan
342006,Jodhpur GPO Sub-Post Office #5,Jodhpur,Rajasthan
342007,Jodhpur GPO Sub-Post Office #6,Jodhpur,Rajasthan
342008,Jodhpur GPO Sub-Post Office #7,Jodhpur,Rajasthan
342009,Jodhpur GPO Sub-Post Office #8,Jodhpur,Rajasthan
342010,Jodhpur GPO Sub-Post Office #9,Jodhpur,Rajasthan
342011,Jodhpur GPO Sub-Post Office #10,Jodhpur,Rajasthan
342012,Jodhpur GPO Sub-Post Office #11,Jodhpur,Rajasthan
342013,Jodhpur GPO Sub-Post Office #12,Jodhpur,Rajasthan
342014,Jodhpur GPO Sub-Post Office #13,Jodhpur,Rajasthan
342015,Jodhpur GPO Sub-Post Office #14,Jodhpur,Rajasthan
342016,Shastri Nagar Sub-Post Office #13,Jodhpur,Rajasthan
342017,Shastri Nagar Sub-Post Office #14,Jodhpur,Rajasthan
342018,Ratanada Sub-Post Office #13,Jodhpur,Rajasthan
342019,Ratanada Sub-Post Office #14,Jodhpur,Rajasthan
342020,Residency Road Sub-Post Office #12,Jodhpur,Rajasthan
342021,Residency Road Sub-Post Office #13,Jodhpur,Rajasthan
342022,Residency Road Sub-Post Office #14,Jodhpur,Rajasthan
342023,Paota Sub-Post Office #12,Jodhpur,Rajasthan
342024,Paota Sub-Post Office #13,Jodhpur,Rajasthan
342025,Paota Sub-Post Office #14,Jodhpur,Rajasthan
342026,AIIMS Jodhpur Sub-Post Office #2,Jodhpur,Rajasthan
342027,AIIMS Jodhpur Sub-Post Office #3,Jodhpur,Rajasthan
342028,AIIMS Jodhpur Sub-Post Office #4,Jodhpur,Rajasthan
342029,AIIMS Jodhpur Sub-Post Office #5,Jodhpur,Rajasthan
342030,AIIMS Jodhpur Sub-Post Office #6,Jodhpur,Rajasthan
342031,AIIMS Jodhpur Sub-Post Office #7,Jodhpur,Rajasthan
342032,AIIMS Jodhpur Sub-Post Office #8,Jodhpur,Rajasthan
342033,AIIMS Jodhpur Sub-Post Office #9,Jodhpur,Rajasthan
342034,AIIMS Jodhpur Sub-Post Office #10,Jodhpur,Rajasthan
342035,AIIMS Jodhpur Sub-Post Office #11,Jodhpur,Rajasthan
342036,AIIMS Jodhpur Sub-Post Office #12,Jodhpur,Rajasthan
342037,AIIMS Jodhpur Sub-Post Office #13,Jodhpur,Rajasthan
342038,AIIMS Jodhpur Sub-Post Office #14,Jodhpur,Rajasthan
342296,Phalodi HO Sub-Post Office #5,Phalodi,Rajasthan
342297,Phalodi HO Sub-Post Office #4,Phalodi,Rajasthan
342298,Phalodi HO Sub-Post Office #3,Phalodi,Rajasthan
342299,Phalodi HO Sub-Post Office #2,Phalodi,Rajasthan
342300,Phalodi HO Sub-Post Office #1,Phalodi,Rajasthan
342302,Phalodi HO Sub-Post Office #1,Phalodi,Rajasthan
342303,Phalodi HO Sub-Post Office #2,Phalodi,Rajasthan
342304,Phalodi HO Sub-Post Office #3,Phalodi,Rajasthan
342305,Phalodi HO Sub-Post Office #4,Phalodi,Rajasthan
342306,Phalodi HO Sub-Post Office #5,Phalodi,Rajasthan
342307,Phalodi HO Sub-Post Office #6,Phalodi,Rajasthan
342308,Phalodi HO Sub-Post Office #7,Phalodi,Rajasthan
342309,Phalodi HO Sub-Post Office #8,Phalodi,Rajasthan
342310,Phalodi HO Sub-Post Office #9,Phalodi,Rajasthan
342311,Phalodi HO Sub-Post Office #10,Phalodi,Rajasthan
342312,Phalodi HO Sub-Post Office #11,Phalodi,Rajasthan
342313,Phalodi HO Sub-Post Office #12,Phalodi,Rajasthan
342314,Phalodi HO Sub-Post Office #13,Phalodi,Rajasthan
342315,Phalodi HO Sub-Post Office #14,Phalodi,Rajasthan
301996,Jaipur GPO Sub-Post Office #5,Jaipur,Rajasthan
301997,Jaipur GPO Sub-Post Office #4,Jaipur,Rajasthan
301998,Jaipur GPO Sub-Post Office #3,Jaipur,Rajasthan
301999,Jaipur GPO Sub-Post Office #2,Jaipur,Rajasthan
302000,Jaipur GPO Sub-Post Office #1,Jaipur,Rajasthan
302002,Jaipur GPO Sub-Post Office #1,Jaipur,Rajasthan
302003,Jaipur GPO Sub-Post Office #2,Jaipur,Rajasthan
302004,Jaipur GPO Sub-Post Office #3,Jaipur,Rajasthan
302005,Jaipur GPO Sub-Post Office #4,Jaipur,Rajasthan
302006,Jaipur GPO Sub-Post Office #5,Jaipur,Rajasthan
302007,Jaipur GPO Sub-Post Office #6,Jaipur,Rajasthan
302008,Jaipur GPO Sub-Post Office #7,Jaipur,Rajasthan
302009,Jaipur GPO Sub-Post Office #8,Jaipur,Rajasthan
302010,Jaipur GPO Sub-Post Office #9,Jaipur,Rajasthan
302011,Jaipur GPO Sub-Post Office #10,Jaipur,Rajasthan
302012,Jaipur GPO Sub-Post Office #11,Jaipur,Rajasthan
302013,Jaipur GPO Sub-Post Office #12,Jaipur,Rajasthan
302014,Jaipur GPO Sub-Post Office #13,Jaipur,Rajasthan
302015,Jaipur GPO Sub-Post Office #14,Jaipur,Rajasthan
302016,Malviya Nagar Sub-Post Office #1,Jaipur,Rajasthan
302018,Malviya Nagar Sub-Post Office #1,Jaipur,Rajasthan
302019,Malviya Nagar Sub-Post Office #2,Jaipur,Rajasthan
302020,Malviya Nagar Sub-Post Office #3,Jaipur,Rajasthan
302021,Malviya Nagar Sub-Post Office #4,Jaipur,Rajasthan
302022,Malviya Nagar Sub-Post Office #5,Jaipur,Rajasthan
302023,Malviya Nagar Sub-Post Office #6,Jaipur,Rajasthan
302024,Malviya Nagar Sub-Post Office #7,Jaipur,Rajasthan
302025,Malviya Nagar Sub-Post Office #8,Jaipur,Rajasthan
302026,Malviya Nagar Sub-Post Office #9,Jaipur,Rajasthan
302027,Malviya Nagar Sub-Post Office #10,Jaipur,Rajasthan
302028,Malviya Nagar Sub-Post Office #11,Jaipur,Rajasthan
302029,Malviya Nagar Sub-Post Office #12,Jaipur,Rajasthan
302030,Malviya Nagar Sub-Post Office #13,Jaipur,Rajasthan
302031,Malviya Nagar Sub-Post Office #14,Jaipur,Rajasthan
302032,Mansarovar Sub-Post Office #12,Jaipur,Rajasthan
302033,Mansarovar Sub-Post Office #13,Jaipur,Rajasthan
302034,Mansarovar Sub-Post Office #14,Jaipur,Rajasthan
304996,Ajmer GPO Sub-Post Office #5,Ajmer,Rajasthan
304997,Ajmer GPO Sub-Post Office #4,Ajmer,Rajasthan
304998,Ajmer GPO Sub-Post Office #3,Ajmer,Rajasthan
304999,Ajmer GPO Sub-Post Office #2,Ajmer,Rajasthan
305000,Ajmer GPO Sub-Post Office #1,Ajmer,Rajasthan
305002,Ajmer GPO Sub-Post Office #1,Ajmer,Rajasthan
305003,Ajmer GPO Sub-Post Office #2,Ajmer,Rajasthan
305004,Ajmer GPO Sub-Post Office #3,Ajmer,Rajasthan
305005,Ajmer GPO Sub-Post Office #4,Ajmer,Rajasthan
305006,Ajmer GPO Sub-Post Office #5,Ajmer,Rajasthan
305007,Ajmer GPO Sub-Post Office #6,Ajmer,Rajasthan
305008,Ajmer GPO Sub-Post Office #7,Ajmer,Rajasthan
305009,Ajmer GPO Sub-Post Office #8,Ajmer,Rajasthan
305010,Ajmer GPO Sub-Post Office #9,Ajmer,Rajasthan
305011,Ajmer GPO Sub-Post Office #10,Ajmer,Rajasthan
305012,Ajmer GPO Sub-Post Office #11,Ajmer,Rajasthan
305013,Ajmer GPO Sub-Post Office #12,Ajmer,Rajasthan
305014,Ajmer GPO Sub-Post Office #13,Ajmer,Rajasthan
305015,Ajmer GPO Sub-Post Office #14,Ajmer,Rajasthan
333996,Bikaner HO Sub-Post Office #5,Bikaner,Rajasthan
333997,Bikaner HO Sub-Post Office #4,Bikaner,Rajasthan
333998,Bikaner HO Sub-Post Office #3,Bikaner,Rajasthan
333999,Bikaner HO Sub-Post Office #2,Bikaner,Rajasthan
334000,Bikaner HO Sub-Post Office #1,Bikaner,Rajasthan
334002,Bikaner HO Sub-Post Office #1,Bikaner,Rajasthan
334003,Bikaner HO Sub-Post Office #2,Bikaner,Rajasthan
334004,Bikaner HO Sub-Post Office #3,Bikaner,Rajasthan
334005,Bikaner HO Sub-Post Office #4,Bikaner,Rajasthan
334006,Bikaner HO Sub-Post Office #5,Bikaner,Rajasthan
334007,Bikaner HO Sub-Post Office #6,Bikaner,Rajasthan
334008,Bikaner HO Sub-Post Office #7,Bikaner,Rajasthan
334009,Bikaner HO Sub-Post Office #8,Bikaner,Rajasthan
334010,Bikaner HO Sub-Post Office #9,Bikaner,Rajasthan
334011,Bikaner HO Sub-Post Office #10,Bikaner,Rajasthan
334012,Bikaner HO Sub-Post Office #11,Bikaner,Rajasthan
334013,Bikaner HO Sub-Post Office #12,Bikaner,Rajasthan
334014,Bikaner HO Sub-Post Office #13,Bikaner,Rajasthan
334015,Bikaner HO Sub-Post Office #14,Bikaner,Rajasthan
323996,Kota HO Sub-Post Office #5,Kota,Rajasthan
323997,Kota HO Sub-Post Office #4,Kota,Rajasthan
323998,Kota HO Sub-Post Office #3,Kota,Rajasthan
323999,Kota HO Sub-Post Office #2,Kota,Rajasthan
324000,Kota HO Sub-Post Office #1,Kota,Rajasthan
324002,Kota HO Sub-Post Office #1,Kota,Rajasthan
324003,Kota HO Sub-Post Office #2,Kota,Rajasthan
324004,Kota HO Sub-Post Office #3,Kota,Rajasthan
324005,Kota HO Sub-Post Office #4,Kota,Rajasthan
324006,Kota HO Sub-Post Office #5,Kota,Rajasthan
324007,Kota HO Sub-Post Office #6,Kota,Rajasthan
324008,Kota HO Sub-Post Office #7,Kota,Rajasthan
324009,Kota HO Sub-Post Office #8,Kota,Rajasthan
324010,Kota HO Sub-Post Office #9,Kota,Rajasthan
324011,Kota HO Sub-Post Office #10,Kota,Rajasthan
324012,Kota HO Sub-Post Office #11,Kota,Rajasthan
324013,Kota HO Sub-Post Office #12,Kota,Rajasthan
324014,Kota HO Sub-Post Office #13,Kota,Rajasthan
324015,Kota HO Sub-Post Office #14,Kota,Rajasthan
312996,Udaipur City HO Sub-Post Office #5,Udaipur,Rajasthan
312997,Udaipur City HO Sub-Post Office #4,Udaipur,Rajasthan
312998,Udaipur City HO Sub-Post Office #3,Udaipur,Rajasthan
312999,Udaipur City HO Sub-Post Office #2,Udaipur,Rajasthan
313000,Udaipur City HO Sub-Post Office #1,Udaipur,Rajasthan
313002,Udaipur City HO Sub-Post Office #1,Udaipur,Rajasthan
313003,Udaipur City HO Sub-Post Office #2,Udaipur,Rajasthan
313004,Udaipur City HO Sub-Post Office #3,Udaipur,Rajasthan
313005,Udaipur City HO Sub-Post Office #4,Udaipur,Rajasthan
313006,Udaipur City HO Sub-Post Office #5,Udaipur,Rajasthan
313007,Udaipur City HO Sub-Post Office #6,Udaipur,Rajasthan
313008,Udaipur City HO Sub-Post Office #7,Udaipur,Rajasthan
313009,Udaipur City HO Sub-Post Office #8,Udaipur,Rajasthan
313010,Udaipur City HO Sub-Post Office #9,Udaipur,Rajasthan
313011,Udaipur City HO Sub-Post Office #10,Udaipur,Rajasthan
313012,Udaipur City HO Sub-Post Office #11,Udaipur,Rajasthan
313013,Udaipur City HO Sub-Post Office #12,Udaipur,Rajasthan
313014,Udaipur City HO Sub-Post Office #13,Udaipur,Rajasthan
313015,Udaipur City HO Sub-Post Office #14,Udaipur,Rajasthan
559996,Bengaluru GPO Sub-Post Office #5,Bengaluru Urban,Karnataka
559997,Bengaluru GPO Sub-Post Office #4,Bengaluru Urban,Karnataka
559998,Bengaluru GPO Sub-Post Office #3,Bengaluru Urban,Karnataka
559999,Bengaluru GPO Sub-Post Office #2,Bengaluru Urban,Karnataka
560000,Bengaluru GPO Sub-Post Office #1,Bengaluru Urban,Karnataka
560002,Bengaluru GPO Sub-Post Office #1,Bengaluru Urban,Karnataka
560003,Bengaluru GPO Sub-Post Office #2,Bengaluru Urban,Karnataka
560004,Bengaluru GPO Sub-Post Office #3,Bengaluru Urban,Karnataka
560005,Bengaluru GPO Sub-Post Office #4,Bengaluru Urban,Karnataka
560006,Bengaluru GPO Sub-Post Office #5,Bengaluru Urban,Karnataka
560007,Bengaluru GPO Sub-Post Office #6,Bengaluru Urban,Karnataka
560008,Bengaluru GPO Sub-Post Office #7,Bengaluru Urban,Karnataka
560009,Bengaluru GPO Sub-Post Office #8,Bengaluru Urban,Karnataka
560010,Bengaluru GPO Sub-Post Office #9,Bengaluru Urban,Karnataka
560011,Bengaluru GPO Sub-Post Office #10,Bengaluru Urban,Karnataka
560012,Bengaluru GPO Sub-Post Office #11,Bengaluru Urban,Karnataka
560013,Bengaluru GPO Sub-Post Office #12,Bengaluru Urban,Karnataka
560014,Bengaluru GPO Sub-Post Office #13,Bengaluru Urban,Karnataka
560015,Bengaluru GPO Sub-Post Office #14,Bengaluru Urban,Karnataka
560016,City Market Sub-Post Office #14,Bengaluru Urban,Karnataka
560017,Malleshwaram Sub-Post Office #14,Bengaluru Urban,Karnataka
560018,Basavanagudi Sub-Post Office #14,Bengaluru Urban,Karnataka
560019,Halasuru Sub-Post Office #11,Bengaluru Urban,Karnataka
560020,Halasuru Sub-Post Office #12,Bengaluru Urban,Karnataka
560021,Halasuru Sub-Post Office #13,Bengaluru Urban,Karnataka
560022,Halasuru Sub-Post Office #14,Bengaluru Urban,Karnataka
560023,Rajajinagar Sub-Post Office #13,Bengaluru Urban,Karnataka
560024,Rajajinagar Sub-Post Office #14,Bengaluru Urban,Karnataka
560025,Jayanagar Sub-Post Office #14,Bengaluru Urban,Karnataka
560026,Vimanapura / HAL Sub-Post Office #9,Bengaluru Urban,Karnataka
560027,Vimanapura / HAL Sub-Post Office #10,Bengaluru Urban,Karnataka
560028,Vimanapura / HAL Sub-Post Office #11,Bengaluru Urban,Karnataka
560029,Vimanapura / HAL Sub-Post Office #12,Bengaluru Urban,Karnataka
560030,Vimanapura / HAL Sub-Post Office #13,Bengaluru Urban,Karnataka
560031,Vimanapura / HAL Sub-Post Office #14,Bengaluru Urban,Karnataka
560032,Richmond Town Sub-Post Office #7,Bengaluru Urban,Karnataka
560033,Richmond Town Sub-Post Office #8,Bengaluru Urban,Karnataka
560034,Richmond Town Sub-Post Office #9,Bengaluru Urban,Karnataka
560035,Richmond Town Sub-Post Office #10,Bengaluru Urban,Karnataka
560036,Richmond Town Sub-Post Office #11,Bengaluru Urban,Karnataka
560037,Richmond Town Sub-Post Office #12,Bengaluru Urban,Karnataka
560038,Richmond Town Sub-Post Office #13,Bengaluru Urban,Karnataka
560039,Richmond Town Sub-Post Office #14,Bengaluru Urban,Karnataka
560040,Koramangala Sub-Post Office #6,Bengaluru Urban,Karnataka
560041,Koramangala Sub-Post Office #7,Bengaluru Urban,Karnataka
560042,Koramangala Sub-Post Office #8,Bengaluru Urban,Karnataka
560043,Koramangala Sub-Post Office #9,Bengaluru Urban,Karnataka
560044,Koramangala Sub-Post Office #10,Bengaluru Urban,Karnataka
560045,Koramangala Sub-Post Office #11,Bengaluru Urban,Karnataka
560046,Koramangala Sub-Post Office #12,Bengaluru Urban,Karnataka
560047,Koramangala Sub-Post Office #13,Bengaluru Urban,Karnataka
560048,Koramangala Sub-Post Office #14,Bengaluru Urban,Karnataka
560049,Marathahalli Sub-Post Office #12,Bengaluru Urban,Karnataka
560050,Marathahalli Sub-Post Office #13,Bengaluru Urban,Karnataka
560051,Marathahalli Sub-Post Office #14,Bengaluru Urban,Karnataka
560052,Indiranagar Sub-Post Office #14,Bengaluru Urban,Karnataka
560053,Kalyan Nagar Sub-Post Office #10,Bengaluru Urban,Karnataka
560054,Kalyan Nagar Sub-Post Office #11,Bengaluru Urban,Karnataka
560055,Kalyan Nagar Sub-Post Office #12,Bengaluru Urban,Karnataka
560056,Kalyan Nagar Sub-Post Office #13,Bengaluru Urban,Karnataka
560057,Kalyan Nagar Sub-Post Office #14,Bengaluru Urban,Karnataka
560061,Whitefield Sub-Post Office #5,Bengaluru Urban,Karnataka
560062,Whitefield Sub-Post Office #4,Bengaluru Urban,Karnataka
560063,Whitefield Sub-Post Office #3,Bengaluru Urban,Karnataka
560064,Whitefield Sub-Post Office #2,Bengaluru Urban,Karnataka
560065,Whitefield Sub-Post Office #1,Bengaluru Urban,Karnataka
560067,Whitefield Sub-Post Office #1,Bengaluru Urban,Karnataka
560068,Whitefield Sub-Post Office #2,Bengaluru Urban,Karnataka
560069,Whitefield Sub-Post Office #3,Bengaluru Urban,Karnataka
560070,Whitefield Sub-Post Office #4,Bengaluru Urban,Karnataka
560071,Whitefield Sub-Post Office #5,Bengaluru Urban,Karnataka
560072,Whitefield Sub-Post Office #6,Bengaluru Urban,Karnataka
560073,Whitefield Sub-Post Office #7,Bengaluru Urban,Karnataka
560074,Whitefield Sub-Post Office #8,Bengaluru Urban,Karnataka
560075,Whitefield Sub-Post Office #9,Bengaluru Urban,Karnataka
560076,Whitefield Sub-Post Office #10,Bengaluru Urban,Karnataka
560077,Whitefield Sub-Post Office #11,Bengaluru Urban,Karnataka
560078,Whitefield Sub-Post Office #12,Bengaluru Urban,Karnataka
560079,Whitefield Sub-Post Office #13,Bengaluru Urban,Karnataka
560080,Whitefield Sub-Post Office #14,Bengaluru Urban,Karnataka
560081,Madivala Sub-Post Office #13,Bengaluru Urban,Karnataka
560082,Madivala Sub-Post Office #14,Bengaluru Urban,Karnataka
560083,BTM Layout Sub-Post Office #7,Bengaluru Urban,Karnataka
560084,BTM Layout Sub-Post Office #8,Bengaluru Urban,Karnataka
560085,BTM Layout Sub-Post Office #9,Bengaluru Urban,Karnataka
560086,BTM Layout Sub-Post Office #10,Bengaluru Urban,Karnataka
560087,BTM Layout Sub-Post Office #11,Bengaluru Urban,Karnataka
560088,BTM Layout Sub-Post Office #12,Bengaluru Urban,Karnataka
560089,BTM Layout Sub-Post Office #13,Bengaluru Urban,Karnataka
560090,BTM Layout Sub-Post Office #14,Bengaluru Urban,Karnataka
560091,JP Nagar Sub-Post Office #13,Bengaluru Urban,Karnataka
560092,JP Nagar Sub-Post Office #14,Bengaluru Urban,Karnataka
560093,Banashankari 3rd Stage Sub-Post Office #8,Bengaluru Urban,Karnataka
560094,Banashankari 3rd Stage Sub-Post Office #9,Bengaluru Urban,Karnataka
560095,Banashankari 3rd Stage Sub-Post Office #10,Bengaluru Urban,Karnataka
560096,Banashankari 3rd Stage Sub-Post Office #11,Bengaluru Urban,Karnataka
560097,Banashankari 3rd Stage Sub-Post Office #12,Bengaluru Urban,Karnataka
560098,Banashankari 3rd Stage Sub-Post Office #13,Bengaluru Urban,Karnataka
560099,Banashankari 3rd Stage Sub-Post Office #14,Bengaluru Urban,Karnataka
560100,Abbigere / Chikbanavara Sub-Post Office #10,Bengaluru Urban,Karnataka
560101,Abbigere / Chikbanavara Sub-Post Office #11,Bengaluru Urban,Karnataka
560102,Abbigere / Chikbanavara Sub-Post Office #12,Bengaluru Urban,Karnataka
560103,Abbigere / Chikbanavara Sub-Post Office #13,Bengaluru Urban,Karnataka
560104,Abbigere / Chikbanavara Sub-Post Office #14,Bengaluru Urban,Karnataka
560105,Viswaneedam Sub-Post Office #14,Bengaluru Urban,Karnataka
560106,Sahakara Nagar Sub-Post Office #14,Bengaluru Urban,Karnataka
560107,Electronic City Sub-Post Office #7,Bengaluru Urban,Karnataka
560108,Electronic City Sub-Post Office #8,Bengaluru Urban,Karnataka
560109,Electronic City Sub-Post Office #9,Bengaluru Urban,Karnataka
560110,Electronic City Sub-Post Office #10,Bengaluru Urban,Karnataka
560111,Electronic City Sub-Post Office #11,Bengaluru Urban,Karnataka
560112,Electronic City Sub-Post Office #12,Bengaluru Urban,Karnataka
560113,Electronic City Sub-Post Office #13,Bengaluru Urban,Karnataka
560114,Electronic City Sub-Post Office #14,Bengaluru Urban,Karnataka
560115,HSR Layout Sub-Post Office #13,Bengaluru Urban,Karnataka
560116,HSR Layout Sub-Post Office #14,Bengaluru Urban,Karnataka
560117,Bellandur Sub-Post Office #14,Bengaluru Urban,Karnataka
569996,Mysuru Head Office Sub-Post Office #5,Mysuru,Karnataka
569997,Mysuru Head Office Sub-Post Office #4,Mysuru,Karnataka
569998,Mysuru Head Office Sub-Post Office #3,Mysuru,Karnataka
569999,Mysuru Head Office Sub-Post Office #2,Mysuru,Karnataka
570000,Mysuru Head Office Sub-Post Office #1,Mysuru,Karnataka
570002,Mysuru Head Office Sub-Post Office #1,Mysuru,Karnataka
570003,Mysuru Head Office Sub-Post Office #2,Mysuru,Karnataka
570004,Mysuru Head Office Sub-Post Office #3,Mysuru,Karnataka
570005,Mysuru Head Office Sub-Post Office #4,Mysuru,Karnataka
570006,Mysuru Head Office Sub-Post Office #5,Mysuru,Karnataka
570007,Mysuru Head Office Sub-Post Office #6,Mysuru,Karnataka
570008,Mysuru Head Office Sub-Post Office #7,Mysuru,Karnataka
570009,Mysuru Head Office Sub-Post Office #8,Mysuru,Karnataka
570010,Mysuru Head Office Sub-Post Office #9,Mysuru,Karnataka
570011,Mysuru Head Office Sub-Post Office #10,Mysuru,Karnataka
570012,Mysuru Head Office Sub-Post Office #11,Mysuru,Karnataka
570013,Mysuru Head Office Sub-Post Office #12,Mysuru,Karnataka
570014,Mysuru Head Office Sub-Post Office #13,Mysuru,Karnataka
570015,Mysuru Head Office Sub-Post Office #14,Mysuru,Karnataka
574996,Mangaluru HO Sub-Post Office #5,Dakshina Kannada,Karnataka
574997,Mangaluru HO Sub-Post Office #4,Dakshina Kannada,Karnataka
574998,Mangaluru HO Sub-Post Office #3,Dakshina Kannada,Karnataka
574999,Mangaluru HO Sub-Post Office #2,Dakshina Kannada,Karnataka
575000,Mangaluru HO Sub-Post Office #1,Dakshina Kannada,Karnataka
575002,Mangaluru HO Sub-Post Office #1,Dakshina Kannada,Karnataka
575003,Mangaluru HO Sub-Post Office #2,Dakshina Kannada,Karnataka
575004,Mangaluru HO Sub-Post Office #3,Dakshina Kannada,Karnataka
575005,Mangaluru HO Sub-Post Office #4,Dakshina Kannada,Karnataka
575006,Mangaluru HO Sub-Post Office #5,Dakshina Kannada,Karnataka
575007,Mangaluru HO Sub-Post Office #6,Dakshina Kannada,Karnataka
575008,Mangaluru HO Sub-Post Office #7,Dakshina Kannada,Karnataka
575009,Mangaluru HO Sub-Post Office #8,Dakshina Kannada,Karnataka
575010,Mangaluru HO Sub-Post Office #9,Dakshina Kannada,Karnataka
575011,Mangaluru HO Sub-Post Office #10,Dakshina Kannada,Karnataka
575012,Mangaluru HO Sub-Post Office #11,Dakshina Kannada,Karnataka
575013,Mangaluru HO Sub-Post Office #12,Dakshina Kannada,Karnataka
575014,Mangaluru HO Sub-Post Office #13,Dakshina Kannada,Karnataka
575015,Mangaluru HO Sub-Post Office #14,Dakshina Kannada,Karnataka
579996,Hubballi HO Sub-Post Office #5,Dharwad,Karnataka
579997,Hubballi HO Sub-Post Office #4,Dharwad,Karnataka
579998,Hubballi HO Sub-Post Office #3,Dharwad,Karnataka
579999,Hubballi HO Sub-Post Office #2,Dharwad,Karnataka
580000,Hubballi HO Sub-Post Office #1,Dharwad,Karnataka
580002,Hubballi HO Sub-Post Office #1,Dharwad,Karnataka
580003,Hubballi HO Sub-Post Office #2,Dharwad,Karnataka
580004,Hubballi HO Sub-Post Office #3,Dharwad,Karnataka
580005,Hubballi HO Sub-Post Office #4,Dharwad,Karnataka
580006,Hubballi HO Sub-Post Office #5,Dharwad,Karnataka
580007,Hubballi HO Sub-Post Office #6,Dharwad,Karnataka
580008,Hubballi HO Sub-Post Office #7,Dharwad,Karnataka
580009,Hubballi HO Sub-Post Office #8,Dharwad,Karnataka
580010,Hubballi HO Sub-Post Office #9,Dharwad,Karnataka
580011,Hubballi HO Sub-Post Office #10,Dharwad,Karnataka
580012,Hubballi HO Sub-Post Office #11,Dharwad,Karnataka
580013,Hubballi HO Sub-Post Office #12,Dharwad,Karnataka
580014,Hubballi HO Sub-Post Office #13,Dharwad,Karnataka
580015,Hubballi HO Sub-Post Office #14,Dharwad,Karnataka
589996,Belagavi HO Sub-Post Office #5,Belagavi,Karnataka
589997,Belagavi HO Sub-Post Office #4,Belagavi,Karnataka
589998,Belagavi HO Sub-Post Office #3,Belagavi,Karnataka
589999,Belagavi HO Sub-Post Office #2,Belagavi,Karnataka
590000,Belagavi HO Sub-Post Office #1,Belagavi,Karnataka
590002,Belagavi HO Sub-Post Office #1,Belagavi,Karnataka
590003,Belagavi HO Sub-Post Office #2,Belagavi,Karnataka
590004,Belagavi HO Sub-Post Office #3,Belagavi,Karnataka
590005,Belagavi HO Sub-Post Office #4,Belagavi,Karnataka
590006,Belagavi HO Sub-Post Office #5,Belagavi,Karnataka
590007,Belagavi HO Sub-Post Office #6,Belagavi,Karnataka
590008,Belagavi HO Sub-Post Office #7,Belagavi,Karnataka
590009,Belagavi HO Sub-Post Office #8,Belagavi,Karnataka
590010,Belagavi HO Sub-Post Office #9,Belagavi,Karnataka
590011,Belagavi HO Sub-Post Office #10,Belagavi,Karnataka
590012,Belagavi HO Sub-Post Office #11,Belagavi,Karnataka
590013,Belagavi HO Sub-Post Office #12,Belagavi,Karnataka
590014,Belagavi HO Sub-Post Office #13,Belagavi,Karnataka
590015,Belagavi HO Sub-Post Office #14,Belagavi,Karnataka
499996,Hyderabad GPO Sub-Post Office #5,Hyderabad,Telangana
499997,Hyderabad GPO Sub-Post Office #4,Hyderabad,Telangana
499998,Hyderabad GPO Sub-Post Office #3,Hyderabad,Telangana
499999,Hyderabad GPO Sub-Post Office #2,Hyderabad,Telangana
500000,Hyderabad GPO Sub-Post Office #1,Hyderabad,Telangana
500002,Hyderabad GPO Sub-Post Office #1,Hyderabad,Telangana
500003,Hyderabad GPO Sub-Post Office #2,Hyderabad,Telangana
500004,Hyderabad GPO Sub-Post Office #3,Hyderabad,Telangana
500005,Hyderabad GPO Sub-Post Office #4,Hyderabad,Telangana
500006,Hyderabad GPO Sub-Post Office #5,Hyderabad,Telangana
500007,Hyderabad GPO Sub-Post Office #6,Hyderabad,Telangana
500008,Hyderabad GPO Sub-Post Office #7,Hyderabad,Telangana
500009,Hyderabad GPO Sub-Post Office #8,Hyderabad,Telangana
500010,Hyderabad GPO Sub-Post Office #9,Hyderabad,Telangana
500011,Hyderabad GPO Sub-Post Office #10,Hyderabad,Telangana
500012,Hyderabad GPO Sub-Post Office #11,Hyderabad,Telangana
500013,Hyderabad GPO Sub-Post Office #12,Hyderabad,Telangana
500014,Hyderabad GPO Sub-Post Office #13,Hyderabad,Telangana
500015,Hyderabad GPO Sub-Post Office #14,Hyderabad,Telangana
500016,Secunderabad HO Sub-Post Office #13,Hyderabad,Telangana
500017,Secunderabad HO Sub-Post Office #14,Hyderabad,Telangana
500018,Begumpet Sub-Post Office #2,Hyderabad,Telangana
500019,Begumpet Sub-Post Office #3,Hyderabad,Telangana
500020,Begumpet Sub-Post Office #4,Hyderabad,Telangana
500021,Begumpet Sub-Post Office #5,Hyderabad,Telangana
500022,Begumpet Sub-Post Office #6,Hyderabad,Telangana
500023,Begumpet Sub-Post Office #7,Hyderabad,Telangana
500024,Begumpet Sub-Post Office #8,Hyderabad,Telangana
500025,Begumpet Sub-Post Office #9,Hyderabad,Telangana
500026,Begumpet Sub-Post Office #10,Hyderabad,Telangana
500027,Begumpet Sub-Post Office #11,Hyderabad,Telangana
500028,Begumpet Sub-Post Office #12,Hyderabad,Telangana
500029,Begumpet Sub-Post Office #13,Hyderabad,Telangana
500030,Begumpet Sub-Post Office #14,Hyderabad,Telangana
500031,Gachibowli Sub-Post Office #1,Rangareddy,Telangana
500033,Gachibowli Sub-Post Office #1,Rangareddy,Telangana
500034,Gachibowli Sub-Post Office #2,Rangareddy,Telangana
500035,Gachibowli Sub-Post Office #3,Rangareddy,Telangana
500036,Gachibowli Sub-Post Office #4,Rangareddy,Telangana
500037,Gachibowli Sub-Post Office #5,Rangareddy,Telangana
500038,Gachibowli Sub-Post Office #6,Rangareddy,Telangana
500039,Gachibowli Sub-Post Office #7,Rangareddy,Telangana
500040,Gachibowli Sub-Post Office #8,Rangareddy,Telangana
500041,Gachibowli Sub-Post Office #9,Rangareddy,Telangana
500042,Gachibowli Sub-Post Office #10,Rangareddy,Telangana
500043,Gachibowli Sub-Post Office #11,Rangareddy,Telangana
500044,Gachibowli Sub-Post Office #12,Rangareddy,Telangana
500045,Gachibowli Sub-Post Office #13,Rangareddy,Telangana
500046,Gachibowli Sub-Post Office #14,Rangareddy,Telangana
500047,Jubilee Hills Sub-Post Office #14,Hyderabad,Telangana
500048,Banjara Hills Sub-Post Office #14,Hyderabad,Telangana
500049,Uppal Sub-Post Office #10,Medchal-Malkajgiri,Telangana
500050,Uppal Sub-Post Office #11,Medchal-Malkajgiri,Telangana
500051,Uppal Sub-Post Office #12,Medchal-Malkajgiri,Telangana
500052,Uppal Sub-Post Office #13,Medchal-Malkajgiri,Telangana
500053,Uppal Sub-Post Office #14,Medchal-Malkajgiri,Telangana
500067,Kukatpally Sub-Post Office #5,Medchal-Malkajgiri,Telangana
500068,Kukatpally Sub-Post Office #4,Medchal-Malkajgiri,Telangana
500069,Kukatpally Sub-Post Office #3,Medchal-Malkajgiri,Telangana
500070,Kukatpally Sub-Post Office #2,Medchal-Malkajgiri,Telangana
500071,Kukatpally Sub-Post Office #1,Medchal-Malkajgiri,Telangana
500073,Kukatpally Sub-Post Office #1,Medchal-Malkajgiri,Telangana
500074,Kukatpally Sub-Post Office #2,Medchal-Malkajgiri,Telangana
500075,Kukatpally Sub-Post Office #3,Medchal-Malkajgiri,Telangana
500076,Kukatpally Sub-Post Office #4,Medchal-Malkajgiri,Telangana
500077,Kukatpally Sub-Post Office #5,Medchal-Malkajgiri,Telangana
500078,Kukatpally Sub-Post Office #6,Medchal-Malkajgiri,Telangana
500079,Kukatpally Sub-Post Office #7,Medchal-Malkajgiri,Telangana
500080,Kukatpally Sub-Post Office #8,Medchal-Malkajgiri,Telangana
500081,Kukatpally Sub-Post Office #9,Medchal-Malkajgiri,Telangana
500082,Kukatpally Sub-Post Office #10,Medchal-Malkajgiri,Telangana
500083,Kukatpally Sub-Post Office #11,Medchal-Malkajgiri,Telangana
500084,Kukatpally Sub-Post Office #12,Medchal-Malkajgiri,Telangana
500085,Kukatpally Sub-Post Office #13,Medchal-Malkajgiri,Telangana
500086,Kukatpally Sub-Post Office #14,Medchal-Malkajgiri,Telangana
500087,Hitech City / Madhapur Sub-Post Office #6,Hyderabad,Telangana
500088,Hitech City / Madhapur Sub-Post Office #7,Hyderabad,Telangana
500089,Hitech City / Madhapur Sub-Post Office #8,Hyderabad,Telangana
500090,Hitech City / Madhapur Sub-Post Office #9,Hyderabad,Telangana
500091,Hitech City / Madhapur Sub-Post Office #10,Hyderabad,Telangana
500092,Hitech City / Madhapur Sub-Post Office #11,Hyderabad,Telangana
500093,Hitech City / Madhapur Sub-Post Office #12,Hyderabad,Telangana
500094,Hitech City / Madhapur Sub-Post Office #13,Hyderabad,Telangana
500095,Hitech City / Madhapur Sub-Post Office #14,Hyderabad,Telangana
500096,Kondapur Sub-Post Office #12,Rangareddy,Telangana
500097,Kondapur Sub-Post Office #13,Rangareddy,Telangana
500098,Kondapur Sub-Post Office #14,Rangareddy,Telangana
505996,Warangal HO Sub-Post Office #5,Warangal,Telangana
505997,Warangal HO Sub-Post Office #4,Warangal,Telangana
505998,Warangal HO Sub-Post Office #3,Warangal,Telangana
505999,Warangal HO Sub-Post Office #2,Warangal,Telangana
506000,Warangal HO Sub-Post Office #1,Warangal,Telangana
506002,Warangal HO Sub-Post Office #1,Warangal,Telangana
506003,Warangal HO Sub-Post Office #2,Warangal,Telangana
506004,Warangal HO Sub-Post Office #3,Warangal,Telangana
506005,Warangal HO Sub-Post Office #4,Warangal,Telangana
506006,Warangal HO Sub-Post Office #5,Warangal,Telangana
506007,Warangal HO Sub-Post Office #6,Warangal,Telangana
506008,Warangal HO Sub-Post Office #7,Warangal,Telangana
506009,Warangal HO Sub-Post Office #8,Warangal,Telangana
506010,Warangal HO Sub-Post Office #9,Warangal,Telangana
506011,Warangal HO Sub-Post Office #10,Warangal,Telangana
506012,Warangal HO Sub-Post Office #11,Warangal,Telangana
506013,Warangal HO Sub-Post Office #12,Warangal,Telangana
506014,Warangal HO Sub-Post Office #13,Warangal,Telangana
506015,Warangal HO Sub-Post Office #14,Warangal,Telangana
529996,Visakhapatnam HO Sub-Post Office #5,Visakhapatnam,Andhra Pradesh
529997,Visakhapatnam HO Sub-Post Office #4,Visakhapatnam,Andhra Pradesh
529998,Visakhapatnam HO Sub-Post Office #3,Visakhapatnam,Andhra Pradesh
529999,Visakhapatnam HO Sub-Post Office #2,Visakhapatnam,Andhra Pradesh
530000,Visakhapatnam HO Sub-Post Office #1,Visakhapatnam,Andhra Pradesh
530002,Visakhapatnam HO Sub-Post Office #1,Visakhapatnam,Andhra Pradesh
530003,Visakhapatnam HO Sub-Post Office #2,Visakhapatnam,Andhra Pradesh
530004,Visakhapatnam HO Sub-Post Office #3,Visakhapatnam,Andhra Pradesh
530005,Visakhapatnam HO Sub-Post Office #4,Visakhapatnam,Andhra Pradesh
530006,Visakhapatnam HO Sub-Post Office #5,Visakhapatnam,Andhra Pradesh
530007,Visakhapatnam HO Sub-Post Office #6,Visakhapatnam,Andhra Pradesh
530008,Visakhapatnam HO Sub-Post Office #7,Visakhapatnam,Andhra Pradesh
530009,Visakhapatnam HO Sub-Post Office #8,Visakhapatnam,Andhra Pradesh
530010,Visakhapatnam HO Sub-Post Office #9,Visakhapatnam,Andhra Pradesh
530011,Visakhapatnam HO Sub-Post Office #10,Visakhapatnam,Andhra Pradesh
530012,Visakhapatnam HO Sub-Post Office #11,Visakhapatnam,Andhra Pradesh
530013,Visakhapatnam HO Sub-Post Office #12,Visakhapatnam,Andhra Pradesh
530014,Visakhapatnam HO Sub-Post Office #13,Visakhapatnam,Andhra Pradesh
530015,Visakhapatnam HO Sub-Post Office #14,Visakhapatnam,Andhra Pradesh
519996,Vijayawada HO Sub-Post Office #5,NTR District,Andhra Pradesh
519997,Vijayawada HO Sub-Post Office #4,NTR District,Andhra Pradesh
519998,Vijayawada HO Sub-Post Office #3,NTR District,Andhra Pradesh
519999,Vijayawada HO Sub-Post Office #2,NTR District,Andhra Pradesh
520000,Vijayawada HO Sub-Post Office #1,NTR District,Andhra Pradesh
520002,Vijayawada HO Sub-Post Office #1,NTR District,Andhra Pradesh
520003,Vijayawada HO Sub-Post Office #2,NTR District,Andhra Pradesh
520004,Vijayawada HO Sub-Post Office #3,NTR District,Andhra Pradesh
520005,Vijayawada HO Sub-Post Office #4,NTR District,Andhra Pradesh
520006,Vijayawada HO Sub-Post Office #5,NTR District,Andhra Pradesh
520007,Vijayawada HO Sub-Post Office #6,NTR District,Andhra Pradesh
520008,Vijayawada HO Sub-Post Office #7,NTR District,Andhra Pradesh
520009,Vijayawada HO Sub-Post Office #8,NTR District,Andhra Pradesh
520010,Vijayawada HO Sub-Post Office #9,NTR District,Andhra Pradesh
520011,Vijayawada HO Sub-Post Office #10,NTR District,Andhra Pradesh
520012,Vijayawada HO Sub-Post Office #11,NTR District,Andhra Pradesh
520013,Vijayawada HO Sub-Post Office #12,NTR District,Andhra Pradesh
520014,Vijayawada HO Sub-Post Office #13,NTR District,Andhra Pradesh
520015,Vijayawada HO Sub-Post Office #14,NTR District,Andhra Pradesh
521996,Guntur HO Sub-Post Office #5,Guntur,Andhra Pradesh
521997,Guntur HO Sub-Post Office #4,Guntur,Andhra Pradesh
521998,Guntur HO Sub-Post Office #3,Guntur,Andhra Pradesh
521999,Guntur HO Sub-Post Office #2,Guntur,Andhra Pradesh
522000,Guntur HO Sub-Post Office #1,Guntur,Andhra Pradesh
522002,Guntur HO Sub-Post Office #1,Guntur,Andhra Pradesh
522003,Guntur HO Sub-Post Office #2,Guntur,Andhra Pradesh
522004,Guntur HO Sub-Post Office #3,Guntur,Andhra Pradesh
522005,Guntur HO Sub-Post Office #4,Guntur,Andhra Pradesh
522006,Guntur HO Sub-Post Office #5,Guntur,Andhra Pradesh
522007,Guntur HO Sub-Post Office #6,Guntur,Andhra Pradesh
522008,Guntur HO Sub-Post Office #7,Guntur,Andhra Pradesh
522009,Guntur HO Sub-Post Office #8,Guntur,Andhra Pradesh
522010,Guntur HO Sub-Post Office #9,Guntur,Andhra Pradesh
522011,Guntur HO Sub-Post Office #10,Guntur,Andhra Pradesh
522012,Guntur HO Sub-Post Office #11,Guntur,Andhra Pradesh
522013,Guntur HO Sub-Post Office #12,Guntur,Andhra Pradesh
522014,Guntur HO Sub-Post Office #13,Guntur,Andhra Pradesh
522015,Guntur HO Sub-Post Office #14,Guntur,Andhra Pradesh
517496,Tirupati HO Sub-Post Office #5,Tirupati,Andhra Pradesh
517497,Tirupati HO Sub-Post Office #4,Tirupati,Andhra Pradesh
517498,Tirupati HO Sub-Post Office #3,Tirupati,Andhra Pradesh
517499,Tirupati HO Sub-Post Office #2,Tirupati,Andhra Pradesh
517500,Tirupati HO Sub-Post Office #1,Tirupati,Andhra Pradesh
517502,Tirupati HO Sub-Post Office #1,Tirupati,Andhra Pradesh
517503,Tirupati HO Sub-Post Office #2,Tirupati,Andhra Pradesh
517504,Tirupati HO Sub-Post Office #3,Tirupati,Andhra Pradesh
517505,Tirupati HO Sub-Post Office #4,Tirupati,Andhra Pradesh
517506,Tirupati HO Sub-Post Office #5,Tirupati,Andhra Pradesh
517507,Tirupati HO Sub-Post Office #6,Tirupati,Andhra Pradesh
517508,Tirupati HO Sub-Post Office #7,Tirupati,Andhra Pradesh
517509,Tirupati HO Sub-Post Office #8,Tirupati,Andhra Pradesh
517510,Tirupati HO Sub-Post Office #9,Tirupati,Andhra Pradesh
517511,Tirupati HO Sub-Post Office #10,Tirupati,Andhra Pradesh
517512,Tirupati HO Sub-Post Office #11,Tirupati,Andhra Pradesh
517513,Tirupati HO Sub-Post Office #12,Tirupati,Andhra Pradesh
517514,Tirupati HO Sub-Post Office #13,Tirupati,Andhra Pradesh
517515,Tirupati HO Sub-Post Office #14,Tirupati,Andhra Pradesh
399996,Mumbai GPO Sub-Post Office #5,Mumbai,Maharashtra
399997,Mumbai GPO Sub-Post Office #4,Mumbai,Maharashtra
399998,Mumbai GPO Sub-Post Office #3,Mumbai,Maharashtra
399999,Mumbai GPO Sub-Post Office #2,Mumbai,Maharashtra
400000,Mumbai GPO Sub-Post Office #1,Mumbai,Maharashtra
400002,Mumbai GPO Sub-Post Office #1,Mumbai,Maharashtra
400003,Mumbai GPO Sub-Post Office #2,Mumbai,Maharashtra
400004,Mumbai GPO Sub-Post Office #3,Mumbai,Maharashtra
400005,Mumbai GPO Sub-Post Office #4,Mumbai,Maharashtra
400006,Mumbai GPO Sub-Post Office #5,Mumbai,Maharashtra
400007,Mumbai GPO Sub-Post Office #6,Mumbai,Maharashtra
400008,Mumbai GPO Sub-Post Office #7,Mumbai,Maharashtra
400009,Mumbai GPO Sub-Post Office #8,Mumbai,Maharashtra
400010,Mumbai GPO Sub-Post Office #9,Mumbai,Maharashtra
400011,Mumbai GPO Sub-Post Office #10,Mumbai,Maharashtra
400012,Mumbai GPO Sub-Post Office #11,Mumbai,Maharashtra
400013,Mumbai GPO Sub-Post Office #12,Mumbai,Maharashtra
400014,Mumbai GPO Sub-Post Office #13,Mumbai,Maharashtra
400015,Mumbai GPO Sub-Post Office #14,Mumbai,Maharashtra
400016,Colaba Sub-Post Office #11,Mumbai,Maharashtra
400017,Colaba Sub-Post Office #12,Mumbai,Maharashtra
400018,Colaba Sub-Post Office #13,Mumbai,Maharashtra
400019,Colaba Sub-Post Office #14,Mumbai,Maharashtra
400020,Lower Parel Sub-Post Office #7,Mumbai,Maharashtra
400021,Lower Parel Sub-Post Office #8,Mumbai,Maharashtra
400022,Lower Parel Sub-Post Office #9,Mumbai,Maharashtra
400023,Lower Parel Sub-Post Office #10,Mumbai,Maharashtra
400024,Lower Parel Sub-Post Office #11,Mumbai,Maharashtra
400025,Lower Parel Sub-Post Office #12,Mumbai,Maharashtra
400026,Lower Parel Sub-Post Office #13,Mumbai,Maharashtra
400027,Lower Parel Sub-Post Office #14,Mumbai,Maharashtra
400028,Churchgate Sub-Post Office #8,Mumbai,Maharashtra
400029,Churchgate Sub-Post Office #9,Mumbai,Maharashtra
400030,Churchgate Sub-Post Office #10,Mumbai,Maharashtra
400031,Churchgate Sub-Post Office #11,Mumbai,Maharashtra
400032,Churchgate Sub-Post Office #12,Mumbai,Maharashtra
400033,Churchgate Sub-Post Office #13,Mumbai,Maharashtra
400034,Churchgate Sub-Post Office #14,Mumbai,Maharashtra
400045,Bandra West Sub-Post Office #5,Mumbai Suburban,Maharashtra
400046,Bandra West Sub-Post Office #4,Mumbai Suburban,Maharashtra
400047,Bandra West Sub-Post Office #3,Mumbai Suburban,Maharashtra
400048,Bandra West Sub-Post Office #2,Mumbai Suburban,Maharashtra
400049,Bandra West Sub-Post Office #1,Mumbai Suburban,Maharashtra
400051,Bandra West Sub-Post Office #1,Mumbai Suburban,Maharashtra
400052,Bandra West Sub-Post Office #2,Mumbai Suburban,Maharashtra
400053,Bandra West Sub-Post Office #3,Mumbai Suburban,Maharashtra
400054,Bandra West Sub-Post Office #4,Mumbai Suburban,Maharashtra
400055,Bandra West Sub-Post Office #5,Mumbai Suburban,Maharashtra
400056,Bandra West Sub-Post Office #6,Mumbai Suburban,Maharashtra
400057,Bandra West Sub-Post Office #7,Mumbai Suburban,Maharashtra
400058,Bandra West Sub-Post Office #8,Mumbai Suburban,Maharashtra
400059,Bandra West Sub-Post Office #9,Mumbai Suburban,Maharashtra
400060,Bandra West Sub-Post Office #10,Mumbai Suburban,Maharashtra
400061,Bandra West Sub-Post Office #11,Mumbai Suburban,Maharashtra
400062,Bandra West Sub-Post Office #12,Mumbai Suburban,Maharashtra
400063,Bandra West Sub-Post Office #13,Mumbai Suburban,Maharashtra
400064,Bandra West Sub-Post Office #14,Mumbai Suburban,Maharashtra
400065,Bandra East Sub-Post Office #14,Mumbai Suburban,Maharashtra
400066,Andheri West Sub-Post Office #13,Mumbai Suburban,Maharashtra
400067,Andheri West Sub-Post Office #14,Mumbai Suburban,Maharashtra
400068,Andheri East Sub-Post Office #1,Mumbai Suburban,Maharashtra
400070,Andheri East Sub-Post Office #1,Mumbai Suburban,Maharashtra
400071,Andheri East Sub-Post Office #2,Mumbai Suburban,Maharashtra
400072,Andheri East Sub-Post Office #3,Mumbai Suburban,Maharashtra
400073,Andheri East Sub-Post Office #4,Mumbai Suburban,Maharashtra
400074,Andheri East Sub-Post Office #5,Mumbai Suburban,Maharashtra
400075,Andheri East Sub-Post Office #6,Mumbai Suburban,Maharashtra
400076,Andheri East Sub-Post Office #7,Mumbai Suburban,Maharashtra
400077,Andheri East Sub-Post Office #8,Mumbai Suburban,Maharashtra
400078,Andheri East Sub-Post Office #9,Mumbai Suburban,Maharashtra
400079,Andheri East Sub-Post Office #10,Mumbai Suburban,Maharashtra
400080,Andheri East Sub-Post Office #11,Mumbai Suburban,Maharashtra
400081,Andheri East Sub-Post Office #12,Mumbai Suburban,Maharashtra
400082,Andheri East Sub-Post Office #13,Mumbai Suburban,Maharashtra
400083,Andheri East Sub-Post Office #14,Mumbai Suburban,Maharashtra
400084,Powai Sub-Post Office #8,Mumbai Suburban,Maharashtra
400085,Powai Sub-Post Office #9,Mumbai Suburban,Maharashtra
400086,Powai Sub-Post Office #10,Mumbai Suburban,Maharashtra
400087,Powai Sub-Post Office #11,Mumbai Suburban,Maharashtra
400088,Powai Sub-Post Office #12,Mumbai Suburban,Maharashtra
400089,Powai Sub-Post Office #13,Mumbai Suburban,Maharashtra
400090,Powai Sub-Post Office #14,Mumbai Suburban,Maharashtra
400094,Mumbai Airport SO Sub-Post Office #5,Mumbai Suburban,Maharashtra
400095,Mumbai Airport SO Sub-Post Office #4,Mumbai Suburban,Maharashtra
400096,Mumbai Airport SO Sub-Post Office #3,Mumbai Suburban,Maharashtra
400097,Mumbai Airport SO Sub-Post Office #2,Mumbai Suburban,Maharashtra
400098,Mumbai Airport SO Sub-Post Office #1,Mumbai Suburban,Maharashtra
400100,Mumbai Airport SO Sub-Post Office #1,Mumbai Suburban,Maharashtra
400101,Mumbai Airport SO Sub-Post Office #2,Mumbai Suburban,Maharashtra
400102,Mumbai Airport SO Sub-Post Office #3,Mumbai Suburban,Maharashtra
400103,Mumbai Airport SO Sub-Post Office #4,Mumbai Suburban,Maharashtra
400104,Mumbai Airport SO Sub-Post Office #5,Mumbai Suburban,Maharashtra
400105,Mumbai Airport SO Sub-Post Office #6,Mumbai Suburban,Maharashtra
400106,Mumbai Airport SO Sub-Post Office #7,Mumbai Suburban,Maharashtra
400107,Mumbai Airport SO Sub-Post Office #8,Mumbai Suburban,Maharashtra
400108,Mumbai Airport SO Sub-Post Office #9,Mumbai Suburban,Maharashtra
400109,Mumbai Airport SO Sub-Post Office #10,Mumbai Suburban,Maharashtra
400110,Mumbai Airport SO Sub-Post Office #11,Mumbai Suburban,Maharashtra
400111,Mumbai Airport SO Sub-Post Office #12,Mumbai Suburban,Maharashtra
400112,Mumbai Airport SO Sub-Post Office #13,Mumbai Suburban,Maharashtra
400113,Mumbai Airport SO Sub-Post Office #14,Mumbai Suburban,Maharashtra
410996,Pune GPO Sub-Post Office #5,Pune,Maharashtra
410997,Pune GPO Sub-Post Office #4,Pune,Maharashtra
410998,Pune GPO Sub-Post Office #3,Pune,Maharashtra
410999,Pune GPO Sub-Post Office #2,Pune,Maharashtra
411000,Pune GPO Sub-Post Office #1,Pune,Maharashtra
411002,Pune GPO Sub-Post Office #1,Pune,Maharashtra
411003,Pune GPO Sub-Post Office #2,Pune,Maharashtra
411004,Pune GPO Sub-Post Office #3,Pune,Maharashtra
411005,Pune GPO Sub-Post Office #4,Pune,Maharashtra
411006,Pune GPO Sub-Post Office #5,Pune,Maharashtra
411007,Pune GPO Sub-Post Office #6,Pune,Maharashtra
411008,Pune GPO Sub-Post Office #7,Pune,Maharashtra
411009,Pune GPO Sub-Post Office #8,Pune,Maharashtra
411010,Pune GPO Sub-Post Office #9,Pune,Maharashtra
411011,Pune GPO Sub-Post Office #10,Pune,Maharashtra
411012,Pune GPO Sub-Post Office #11,Pune,Maharashtra
411013,Pune GPO Sub-Post Office #12,Pune,Maharashtra
411014,Pune GPO Sub-Post Office #13,Pune,Maharashtra
411015,Pune GPO Sub-Post Office #14,Pune,Maharashtra
411016,Viman Nagar Sub-Post Office #2,Pune,Maharashtra
411017,Viman Nagar Sub-Post Office #3,Pune,Maharashtra
411018,Viman Nagar Sub-Post Office #4,Pune,Maharashtra
411019,Viman Nagar Sub-Post Office #5,Pune,Maharashtra
411020,Viman Nagar Sub-Post Office #6,Pune,Maharashtra
411021,Viman Nagar Sub-Post Office #7,Pune,Maharashtra
411022,Viman Nagar Sub-Post Office #8,Pune,Maharashtra
411023,Viman Nagar Sub-Post Office #9,Pune,Maharashtra
411024,Viman Nagar Sub-Post Office #10,Pune,Maharashtra
411025,Viman Nagar Sub-Post Office #11,Pune,Maharashtra
411026,Viman Nagar Sub-Post Office #12,Pune,Maharashtra
411027,Viman Nagar Sub-Post Office #13,Pune,Maharashtra
411028,Viman Nagar Sub-Post Office #14,Pune,Maharashtra
411040,Baner Sub-Post Office #5,Pune,Maharashtra
411041,Baner Sub-Post Office #4,Pune,Maharashtra
411042,Baner Sub-Post Office #3,Pune,Maharashtra
411043,Baner Sub-Post Office #2,Pune,Maharashtra
411044,Baner Sub-Post Office #1,Pune,Maharashtra
411046,Baner Sub-Post Office #1,Pune,Maharashtra
411047,Baner Sub-Post Office #2,Pune,Maharashtra
411048,Baner Sub-Post Office #3,Pune,Maharashtra
411049,Baner Sub-Post Office #4,Pune,Maharashtra
411050,Baner Sub-Post Office #5,Pune,Maharashtra
411051,Baner Sub-Post Office #6,Pune,Maharashtra
411052,Baner Sub-Post Office #7,Pune,Maharashtra
411053,Baner Sub-Post Office #8,Pune,Maharashtra
411054,Baner Sub-Post Office #9,Pune,Maharashtra
411055,Baner Sub-Post Office #10,Pune,Maharashtra
411056,Baner Sub-Post Office #11,Pune,Maharashtra
411057,Baner Sub-Post Office #12,Pune,Maharashtra
411058,Baner Sub-Post Office #13,Pune,Maharashtra
411059,Baner Sub-Post Office #14,Pune,Maharashtra
411060,Hinjawadi Sub-Post Office #3,Pune,Maharashtra
411061,Hinjawadi Sub-Post Office #4,Pune,Maharashtra
411062,Hinjawadi Sub-Post Office #5,Pune,Maharashtra
411063,Hinjawadi Sub-Post Office #6,Pune,Maharashtra
411064,Hinjawadi Sub-Post Office #7,Pune,Maharashtra
411065,Hinjawadi Sub-Post Office #8,Pune,Maharashtra
411066,Hinjawadi Sub-Post Office #9,Pune,Maharashtra
411067,Hinjawadi Sub-Post Office #10,Pune,Maharashtra
411068,Hinjawadi Sub-Post Office #11,Pune,Maharashtra
411069,Hinjawadi Sub-Post Office #12,Pune,Maharashtra
411070,Hinjawadi Sub-Post Office #13,Pune,Maharashtra
411071,Hinjawadi Sub-Post Office #14,Pune,Maharashtra
439996,Nagpur GPO Sub-Post Office #5,Nagpur,Maharashtra
439997,Nagpur GPO Sub-Post Office #4,Nagpur,Maharashtra
439998,Nagpur GPO Sub-Post Office #3,Nagpur,Maharashtra
439999,Nagpur GPO Sub-Post Office #2,Nagpur,Maharashtra
440000,Nagpur GPO Sub-Post Office #1,Nagpur,Maharashtra
440002,Nagpur GPO Sub-Post Office #1,Nagpur,Maharashtra
440003,Nagpur GPO Sub-Post Office #2,Nagpur,Maharashtra
440004,Nagpur GPO Sub-Post Office #3,Nagpur,Maharashtra
440005,Nagpur GPO Sub-Post Office #4,Nagpur,Maharashtra
440006,Nagpur GPO Sub-Post Office #5,Nagpur,Maharashtra
440007,Nagpur GPO Sub-Post Office #6,Nagpur,Maharashtra
440008,Nagpur GPO Sub-Post Office #7,Nagpur,Maharashtra
440009,Nagpur GPO Sub-Post Office #8,Nagpur,Maharashtra
440010,Nagpur GPO Sub-Post Office #9,Nagpur,Maharashtra
440011,Nagpur GPO Sub-Post Office #10,Nagpur,Maharashtra
440012,Nagpur GPO Sub-Post Office #11,Nagpur,Maharashtra
440013,Nagpur GPO Sub-Post Office #12,Nagpur,Maharashtra
440014,Nagpur GPO Sub-Post Office #13,Nagpur,Maharashtra
440015,Nagpur GPO Sub-Post Office #14,Nagpur,Maharashtra
421996,Nashik HO Sub-Post Office #5,Nashik,Maharashtra
421997,Nashik HO Sub-Post Office #4,Nashik,Maharashtra
421998,Nashik HO Sub-Post Office #3,Nashik,Maharashtra
421999,Nashik HO Sub-Post Office #2,Nashik,Maharashtra
422000,Nashik HO Sub-Post Office #1,Nashik,Maharashtra
422002,Nashik HO Sub-Post Office #1,Nashik,Maharashtra
422003,Nashik HO Sub-Post Office #2,Nashik,Maharashtra
422004,Nashik HO Sub-Post Office #3,Nashik,Maharashtra
422005,Nashik HO Sub-Post Office #4,Nashik,Maharashtra
422006,Nashik HO Sub-Post Office #5,Nashik,Maharashtra
422007,Nashik HO Sub-Post Office #6,Nashik,Maharashtra
422008,Nashik HO Sub-Post Office #7,Nashik,Maharashtra
422009,Nashik HO Sub-Post Office #8,Nashik,Maharashtra
422010,Nashik HO Sub-Post Office #9,Nashik,Maharashtra
422011,Nashik HO Sub-Post Office #10,Nashik,Maharashtra
422012,Nashik HO Sub-Post Office #11,Nashik,Maharashtra
422013,Nashik HO Sub-Post Office #12,Nashik,Maharashtra
422014,Nashik HO Sub-Post Office #13,Nashik,Maharashtra
422015,Nashik HO Sub-Post Office #14,Nashik,Maharashtra
402996,Panaji HO Sub-Post Office #5,North Goa,Goa
402997,Panaji HO Sub-Post Office #4,North Goa,Goa
402998,Panaji HO Sub-Post Office #3,North Goa,Goa
402999,Panaji HO Sub-Post Office #2,North Goa,Goa
403000,Panaji HO Sub-Post Office #1,North Goa,Goa
403002,Panaji HO Sub-Post Office #1,North Goa,Goa
403003,Panaji HO Sub-Post Office #2,North Goa,Goa
403004,Panaji HO Sub-Post Office #3,North Goa,Goa
403005,Panaji HO Sub-Post Office #4,North Goa,Goa
403006,Panaji HO Sub-Post Office #5,North Goa,Goa
403007,Panaji HO Sub-Post Office #6,North Goa,Goa
403008,Panaji HO Sub-Post Office #7,North Goa,Goa
403009,Panaji HO Sub-Post Office #8,North Goa,Goa
403010,Panaji HO Sub-Post Office #9,North Goa,Goa
403011,Panaji HO Sub-Post Office #10,North Goa,Goa
403012,Panaji HO Sub-Post Office #11,North Goa,Goa
403013,Panaji HO Sub-Post Office #12,North Goa,Goa
403014,Panaji HO Sub-Post Office #13,North Goa,Goa
403015,Panaji HO Sub-Post Office #14,North Goa,Goa
109996,New Delhi GPO Sub-Post Office #5,New Delhi,Delhi
109997,New Delhi GPO Sub-Post Office #4,New Delhi,Delhi
109998,New Delhi GPO Sub-Post Office #3,New Delhi,Delhi
109999,New Delhi GPO Sub-Post Office #2,New Delhi,Delhi
110000,New Delhi GPO Sub-Post Office #1,New Delhi,Delhi
110002,New Delhi GPO Sub-Post Office #1,New Delhi,Delhi
110003,New Delhi GPO Sub-Post Office #2,New Delhi,Delhi
110004,New Delhi GPO Sub-Post Office #3,New Delhi,Delhi
110005,New Delhi GPO Sub-Post Office #4,New Delhi,Delhi
110006,New Delhi GPO Sub-Post Office #5,New Delhi,Delhi
110007,New Delhi GPO Sub-Post Office #6,New Delhi,Delhi
110008,New Delhi GPO Sub-Post Office #7,New Delhi,Delhi
110009,New Delhi GPO Sub-Post Office #8,New Delhi,Delhi
110010,New Delhi GPO Sub-Post Office #9,New Delhi,Delhi
110011,New Delhi GPO Sub-Post Office #10,New Delhi,Delhi
110012,New Delhi GPO Sub-Post Office #11,New Delhi,Delhi
110013,New Delhi GPO Sub-Post Office #12,New Delhi,Delhi
110014,New Delhi GPO Sub-Post Office #13,New Delhi,Delhi
110015,New Delhi GPO Sub-Post Office #14,New Delhi,Delhi
110016,Pandara Road Sub-Post Office #13,Central Delhi,Delhi
110017,Pandara Road Sub-Post Office #14,Central Delhi,Delhi
110018,Hauz Khas Sub-Post Office #2,South Delhi,Delhi
110019,Hauz Khas Sub-Post Office #3,South Delhi,Delhi
110020,Hauz Khas Sub-Post Office #4,South Delhi,Delhi
110021,Hauz Khas Sub-Post Office #5,South Delhi,Delhi
110022,Hauz Khas Sub-Post Office #6,South Delhi,Delhi
110023,Hauz Khas Sub-Post Office #7,South Delhi,Delhi
110024,Hauz Khas Sub-Post Office #8,South Delhi,Delhi
110025,Hauz Khas Sub-Post Office #9,South Delhi,Delhi
110026,Hauz Khas Sub-Post Office #10,South Delhi,Delhi
110027,Hauz Khas Sub-Post Office #11,South Delhi,Delhi
110028,Hauz Khas Sub-Post Office #12,South Delhi,Delhi
110029,Hauz Khas Sub-Post Office #13,South Delhi,Delhi
110030,Hauz Khas Sub-Post Office #14,South Delhi,Delhi
110031,Malviya Nagar Sub-Post Office #14,South Delhi,Delhi
110032,Okhla Industrial Estate Sub-Post Office #12,South Delhi,Delhi
110033,Okhla Industrial Estate Sub-Post Office #13,South Delhi,Delhi
110034,Okhla Industrial Estate Sub-Post Office #14,South Delhi,Delhi
110035,Lajpat Nagar Sub-Post Office #11,South Delhi,Delhi
110036,Lajpat Nagar Sub-Post Office #12,South Delhi,Delhi
110037,Lajpat Nagar Sub-Post Office #13,South Delhi,Delhi
110038,Lajpat Nagar Sub-Post Office #14,South Delhi,Delhi
110039,Safdarjung Enclave Sub-Post Office #10,South Delhi,Delhi
110040,Safdarjung Enclave Sub-Post Office #11,South Delhi,Delhi
110041,Safdarjung Enclave Sub-Post Office #12,South Delhi,Delhi
110042,Safdarjung Enclave Sub-Post Office #13,South Delhi,Delhi
110043,Safdarjung Enclave Sub-Post Office #14,South Delhi,Delhi
110070,Dwarka Sector 6 Sub-Post Office #5,South West Delhi,Delhi
110071,Dwarka Sector 6 Sub-Post Office #4,South West Delhi,Delhi
110072,Dwarka Sector 6 Sub-Post Office #3,South West Delhi,Delhi
110073,Dwarka Sector 6 Sub-Post Office #2,South West Delhi,Delhi
110074,Dwarka Sector 6 Sub-Post Office #1,South West Delhi,Delhi
110076,Dwarka Sector 6 Sub-Post Office #1,South West Delhi,Delhi
110077,Dwarka Sector 6 Sub-Post Office #2,South West Delhi,Delhi
110078,Dwarka Sector 6 Sub-Post Office #3,South West Delhi,Delhi
110079,Dwarka Sector 6 Sub-Post Office #4,South West Delhi,Delhi
110080,Dwarka Sector 6 Sub-Post Office #5,South West Delhi,Delhi
110081,Dwarka Sector 6 Sub-Post Office #6,South West Delhi,Delhi
110082,Dwarka Sector 6 Sub-Post Office #7,South West Delhi,Delhi
110083,Dwarka Sector 6 Sub-Post Office #8,South West Delhi,Delhi
110084,Dwarka Sector 6 Sub-Post Office #9,South West Delhi,Delhi
110085,Dwarka Sector 6 Sub-Post Office #10,South West Delhi,Delhi
110086,Dwarka Sector 6 Sub-Post Office #11,South West Delhi,Delhi
110087,Dwarka Sector 6 Sub-Post Office #12,South West Delhi,Delhi
110088,Dwarka Sector 6 Sub-Post Office #13,South West Delhi,Delhi
110089,Dwarka Sector 6 Sub-Post Office #14,South West Delhi,Delhi
110090,Nirman Vihar Sub-Post Office #2,East Delhi,Delhi
110091,Nirman Vihar Sub-Post Office #1,East Delhi,Delhi
110093,Nirman Vihar Sub-Post Office #1,East Delhi,Delhi
110094,Nirman Vihar Sub-Post Office #2,East Delhi,Delhi
110095,Nirman Vihar Sub-Post Office #3,East Delhi,Delhi
110096,Nirman Vihar Sub-Post Office #4,East Delhi,Delhi
110097,Nirman Vihar Sub-Post Office #5,East Delhi,Delhi
110098,Nirman Vihar Sub-Post Office #6,East Delhi,Delhi
110099,Nirman Vihar Sub-Post Office #7,East Delhi,Delhi
110100,Nirman Vihar Sub-Post Office #8,East Delhi,Delhi
110101,Nirman Vihar Sub-Post Office #9,East Delhi,Delhi
110102,Nirman Vihar Sub-Post Office #10,East Delhi,Delhi
110103,Nirman Vihar Sub-Post Office #11,East Delhi,Delhi
110104,Nirman Vihar Sub-Post Office #12,East Delhi,Delhi
110105,Nirman Vihar Sub-Post Office #13,East Delhi,Delhi
110106,Nirman Vihar Sub-Post Office #14,East Delhi,Delhi
121996,Gurugram HO Sub-Post Office #5,Gurugram,Haryana
121997,Gurugram HO Sub-Post Office #4,Gurugram,Haryana
121998,Gurugram HO Sub-Post Office #3,Gurugram,Haryana
121999,Gurugram HO Sub-Post Office #2,Gurugram,Haryana
122000,Gurugram HO Sub-Post Office #1,Gurugram,Haryana
122002,Gurugram HO Sub-Post Office #1,Gurugram,Haryana
122003,Gurugram HO Sub-Post Office #2,Gurugram,Haryana
122004,Gurugram HO Sub-Post Office #3,Gurugram,Haryana
122005,Gurugram HO Sub-Post Office #4,Gurugram,Haryana
122006,Gurugram HO Sub-Post Office #5,Gurugram,Haryana
122007,Gurugram HO Sub-Post Office #6,Gurugram,Haryana
122008,Gurugram HO Sub-Post Office #7,Gurugram,Haryana
122009,Gurugram HO Sub-Post Office #8,Gurugram,Haryana
122010,Gurugram HO Sub-Post Office #9,Gurugram,Haryana
122011,Gurugram HO Sub-Post Office #10,Gurugram,Haryana
122012,Gurugram HO Sub-Post Office #11,Gurugram,Haryana
122013,Gurugram HO Sub-Post Office #12,Gurugram,Haryana
122014,Gurugram HO Sub-Post Office #13,Gurugram,Haryana
122015,Gurugram HO Sub-Post Office #14,Gurugram,Haryana
122016,DLF Phase 1 Sub-Post Office #14,Gurugram,Haryana
122017,Udyog Vihar Sub-Post Office #1,Gurugram,Haryana
122019,Udyog Vihar Sub-Post Office #1,Gurugram,Haryana
122020,Udyog Vihar Sub-Post Office #2,Gurugram,Haryana
122021,Udyog Vihar Sub-Post Office #3,Gurugram,Haryana
122022,Udyog Vihar Sub-Post Office #4,Gurugram,Haryana
122023,Udyog Vihar Sub-Post Office #5,Gurugram,Haryana
122024,Udyog Vihar Sub-Post Office #6,Gurugram,Haryana
122025,Udyog Vihar Sub-Post Office #7,Gurugram,Haryana
122026,Udyog Vihar Sub-Post Office #8,Gurugram,Haryana
122027,Udyog Vihar Sub-Post Office #9,Gurugram,Haryana
122028,Udyog Vihar Sub-Post Office #10,Gurugram,Haryana
122029,Udyog Vihar Sub-Post Office #11,Gurugram,Haryana
122030,Udyog Vihar Sub-Post Office #12,Gurugram,Haryana
122031,Udyog Vihar Sub-Post Office #13,Gurugram,Haryana
122032,Udyog Vihar Sub-Post Office #14,Gurugram,Haryana
201296,Noida Sector 16 Sub-Post Office #5,Gautam Buddha Nagar,Uttar Pradesh
201297,Noida Sector 16 Sub-Post Office #4,Gautam Buddha Nagar,Uttar Pradesh
201298,Noida Sector 16 Sub-Post Office #3,Gautam Buddha Nagar,Uttar Pradesh
201299,Noida Sector 16 Sub-Post Office #2,Gautam Buddha Nagar,Uttar Pradesh
201300,Noida Sector 16 Sub-Post Office #1,Gautam Buddha Nagar,Uttar Pradesh
201302,Noida Sector 16 Sub-Post Office #1,Gautam Buddha Nagar,Uttar Pradesh
201303,Noida Sector 16 Sub-Post Office #2,Gautam Buddha Nagar,Uttar Pradesh
201304,Noida Sector 16 Sub-Post Office #3,Gautam Buddha Nagar,Uttar Pradesh
201305,Noida Sector 16 Sub-Post Office #4,Gautam Buddha Nagar,Uttar Pradesh
201306,Noida Sector 16 Sub-Post Office #5,Gautam Buddha Nagar,Uttar Pradesh
201307,Noida Sector 16 Sub-Post Office #6,Gautam Buddha Nagar,Uttar Pradesh
201308,Noida Sector 16 Sub-Post Office #7,Gautam Buddha Nagar,Uttar Pradesh
201309,Noida Sector 16 Sub-Post Office #8,Gautam Buddha Nagar,Uttar Pradesh
201310,Noida Sector 16 Sub-Post Office #9,Gautam Buddha Nagar,Uttar Pradesh
201311,Noida Sector 16 Sub-Post Office #10,Gautam Buddha Nagar,Uttar Pradesh
201312,Noida Sector 16 Sub-Post Office #11,Gautam Buddha Nagar,Uttar Pradesh
201313,Noida Sector 16 Sub-Post Office #12,Gautam Buddha Nagar,Uttar Pradesh
201314,Noida Sector 16 Sub-Post Office #13,Gautam Buddha Nagar,Uttar Pradesh
201315,Noida Sector 16 Sub-Post Office #14,Gautam Buddha Nagar,Uttar Pradesh
201316,Noida Sector 62 Sub-Post Office #9,Gautam Buddha Nagar,Uttar Pradesh
201317,Noida Sector 62 Sub-Post Office #10,Gautam Buddha Nagar,Uttar Pradesh
201318,Noida Sector 62 Sub-Post Office #11,Gautam Buddha Nagar,Uttar Pradesh
201319,Noida Sector 62 Sub-Post Office #12,Gautam Buddha Nagar,Uttar Pradesh
201320,Noida Sector 62 Sub-Post Office #13,Gautam Buddha Nagar,Uttar Pradesh
201321,Noida Sector 62 Sub-Post Office #14,Gautam Buddha Nagar,Uttar Pradesh
200996,Ghaziabad HO Sub-Post Office #5,Ghaziabad,Uttar Pradesh
200997,Ghaziabad HO Sub-Post Office #4,Ghaziabad,Uttar Pradesh
200998,Ghaziabad HO Sub-Post Office #3,Ghaziabad,Uttar Pradesh
200999,Ghaziabad HO Sub-Post Office #2,Ghaziabad,Uttar Pradesh
201000,Ghaziabad HO Sub-Post Office #1,Ghaziabad,Uttar Pradesh
201002,Ghaziabad HO Sub-Post Office #1,Ghaziabad,Uttar Pradesh
201003,Ghaziabad HO Sub-Post Office #2,Ghaziabad,Uttar Pradesh
201004,Ghaziabad HO Sub-Post Office #3,Ghaziabad,Uttar Pradesh
201005,Ghaziabad HO Sub-Post Office #4,Ghaziabad,Uttar Pradesh
201006,Ghaziabad HO Sub-Post Office #5,Ghaziabad,Uttar Pradesh
201007,Ghaziabad HO Sub-Post Office #6,Ghaziabad,Uttar Pradesh
201008,Ghaziabad HO Sub-Post Office #7,Ghaziabad,Uttar Pradesh
201009,Ghaziabad HO Sub-Post Office #8,Ghaziabad,Uttar Pradesh
201010,Ghaziabad HO Sub-Post Office #9,Ghaziabad,Uttar Pradesh
201011,Ghaziabad HO Sub-Post Office #10,Ghaziabad,Uttar Pradesh
201012,Ghaziabad HO Sub-Post Office #11,Ghaziabad,Uttar Pradesh
201013,Ghaziabad HO Sub-Post Office #12,Ghaziabad,Uttar Pradesh
201014,Ghaziabad HO Sub-Post Office #13,Ghaziabad,Uttar Pradesh
201015,Ghaziabad HO Sub-Post Office #14,Ghaziabad,Uttar Pradesh
225996,Lucknow GPO Sub-Post Office #5,Lucknow,Uttar Pradesh
225997,Lucknow GPO Sub-Post Office #4,Lucknow,Uttar Pradesh
225998,Lucknow GPO Sub-Post Office #3,Lucknow,Uttar Pradesh
225999,Lucknow GPO Sub-Post Office #2,Lucknow,Uttar Pradesh
226000,Lucknow GPO Sub-Post Office #1,Lucknow,Uttar Pradesh
226002,Lucknow GPO Sub-Post Office #1,Lucknow,Uttar Pradesh
226003,Lucknow GPO Sub-Post Office #2,Lucknow,Uttar Pradesh
226004,Lucknow GPO Sub-Post Office #3,Lucknow,Uttar Pradesh
226005,Lucknow GPO Sub-Post Office #4,Lucknow,Uttar Pradesh
226006,Lucknow GPO Sub-Post Office #5,Lucknow,Uttar Pradesh
226007,Lucknow GPO Sub-Post Office #6,Lucknow,Uttar Pradesh
226008,Lucknow GPO Sub-Post Office #7,Lucknow,Uttar Pradesh
226009,Lucknow GPO Sub-Post Office #8,Lucknow,Uttar Pradesh
226010,Lucknow GPO Sub-Post Office #9,Lucknow,Uttar Pradesh
226011,Lucknow GPO Sub-Post Office #10,Lucknow,Uttar Pradesh
226012,Lucknow GPO Sub-Post Office #11,Lucknow,Uttar Pradesh
226013,Lucknow GPO Sub-Post Office #12,Lucknow,Uttar Pradesh
226014,Lucknow GPO Sub-Post Office #13,Lucknow,Uttar Pradesh
226015,Lucknow GPO Sub-Post Office #14,Lucknow,Uttar Pradesh
207996,Kanpur HO Sub-Post Office #5,Kanpur Nagar,Uttar Pradesh
207997,Kanpur HO Sub-Post Office #4,Kanpur Nagar,Uttar Pradesh
207998,Kanpur HO Sub-Post Office #3,Kanpur Nagar,Uttar Pradesh
207999,Kanpur HO Sub-Post Office #2,Kanpur Nagar,Uttar Pradesh
208000,Kanpur HO Sub-Post Office #1,Kanpur Nagar,Uttar Pradesh
208002,Kanpur HO Sub-Post Office #1,Kanpur Nagar,Uttar Pradesh
208003,Kanpur HO Sub-Post Office #2,Kanpur Nagar,Uttar Pradesh
208004,Kanpur HO Sub-Post Office #3,Kanpur Nagar,Uttar Pradesh
208005,Kanpur HO Sub-Post Office #4,Kanpur Nagar,Uttar Pradesh
208006,Kanpur HO Sub-Post Office #5,Kanpur Nagar,Uttar Pradesh
208007,Kanpur HO Sub-Post Office #6,Kanpur Nagar,Uttar Pradesh
208008,Kanpur HO Sub-Post Office #7,Kanpur Nagar,Uttar Pradesh
208009,Kanpur HO Sub-Post Office #8,Kanpur Nagar,Uttar Pradesh
208010,Kanpur HO Sub-Post Office #9,Kanpur Nagar,Uttar Pradesh
208011,Kanpur HO Sub-Post Office #10,Kanpur Nagar,Uttar Pradesh
208012,Kanpur HO Sub-Post Office #11,Kanpur Nagar,Uttar Pradesh
208013,Kanpur HO Sub-Post Office #12,Kanpur Nagar,Uttar Pradesh
208014,Kanpur HO Sub-Post Office #13,Kanpur Nagar,Uttar Pradesh
208015,Kanpur HO Sub-Post Office #14,Kanpur Nagar,Uttar Pradesh
220996,Varanasi HO Sub-Post Office #5,Varanasi,Uttar Pradesh
220997,Varanasi HO Sub-Post Office #4,Varanasi,Uttar Pradesh
220998,Varanasi HO Sub-Post Office #3,Varanasi,Uttar Pradesh
220999,Varanasi HO Sub-Post Office #2,Varanasi,Uttar Pradesh
221000,Varanasi HO Sub-Post Office #1,Varanasi,Uttar Pradesh
221002,Varanasi HO Sub-Post Office #1,Varanasi,Uttar Pradesh
221003,Varanasi HO Sub-Post Office #2,Varanasi,Uttar Pradesh
221004,Varanasi HO Sub-Post Office #3,Varanasi,Uttar Pradesh
221005,Varanasi HO Sub-Post Office #4,Varanasi,Uttar Pradesh
221006,Varanasi HO Sub-Post Office #5,Varanasi,Uttar Pradesh
221007,Varanasi HO Sub-Post Office #6,Varanasi,Uttar Pradesh
221008,Varanasi HO Sub-Post Office #7,Varanasi,Uttar Pradesh
221009,Varanasi HO Sub-Post Office #8,Varanasi,Uttar Pradesh
221010,Varanasi HO Sub-Post Office #9,Varanasi,Uttar Pradesh
221011,Varanasi HO Sub-Post Office #10,Varanasi,Uttar Pradesh
221012,Varanasi HO Sub-Post Office #11,Varanasi,Uttar Pradesh
221013,Varanasi HO Sub-Post Office #12,Varanasi,Uttar Pradesh
221014,Varanasi HO Sub-Post Office #13,Varanasi,Uttar Pradesh
221015,Varanasi HO Sub-Post Office #14,Varanasi,Uttar Pradesh
210996,Prayagraj HO Sub-Post Office #5,Prayagraj,Uttar Pradesh
210997,Prayagraj HO Sub-Post Office #4,Prayagraj,Uttar Pradesh
210998,Prayagraj HO Sub-Post Office #3,Prayagraj,Uttar Pradesh
210999,Prayagraj HO Sub-Post Office #2,Prayagraj,Uttar Pradesh
211000,Prayagraj HO Sub-Post Office #1,Prayagraj,Uttar Pradesh
211002,Prayagraj HO Sub-Post Office #1,Prayagraj,Uttar Pradesh
211003,Prayagraj HO Sub-Post Office #2,Prayagraj,Uttar Pradesh
211004,Prayagraj HO Sub-Post Office #3,Prayagraj,Uttar Pradesh
211005,Prayagraj HO Sub-Post Office #4,Prayagraj,Uttar Pradesh
211006,Prayagraj HO Sub-Post Office #5,Prayagraj,Uttar Pradesh
211007,Prayagraj HO Sub-Post Office #6,Prayagraj,Uttar Pradesh
211008,Prayagraj HO Sub-Post Office #7,Prayagraj,Uttar Pradesh
211009,Prayagraj HO Sub-Post Office #8,Prayagraj,Uttar Pradesh
211010,Prayagraj HO Sub-Post Office #9,Prayagraj,Uttar Pradesh
211011,Prayagraj HO Sub-Post Office #10,Prayagraj,Uttar Pradesh
211012,Prayagraj HO Sub-Post Office #11,Prayagraj,Uttar Pradesh
211013,Prayagraj HO Sub-Post Office #12,Prayagraj,Uttar Pradesh
211014,Prayagraj HO Sub-Post Office #13,Prayagraj,Uttar Pradesh
211015,Prayagraj HO Sub-Post Office #14,Prayagraj,Uttar Pradesh
599996,Chennai GPO Sub-Post Office #5,Chennai,Tamil Nadu
599997,Chennai GPO Sub-Post Office #4,Chennai,Tamil Nadu
599998,Chennai GPO Sub-Post Office #3,Chennai,Tamil Nadu
599999,Chennai GPO Sub-Post Office #2,Chennai,Tamil Nadu
600000,Chennai GPO Sub-Post Office #1,Chennai,Tamil Nadu
600002,Chennai GPO Sub-Post Office #1,Chennai,Tamil Nadu
600003,Chennai GPO Sub-Post Office #2,Chennai,Tamil Nadu
600004,Chennai GPO Sub-Post Office #3,Chennai,Tamil Nadu
600005,Chennai GPO Sub-Post Office #4,Chennai,Tamil Nadu
600006,Chennai GPO Sub-Post Office #5,Chennai,Tamil Nadu
600007,Chennai GPO Sub-Post Office #6,Chennai,Tamil Nadu
600008,Chennai GPO Sub-Post Office #7,Chennai,Tamil Nadu
600009,Chennai GPO Sub-Post Office #8,Chennai,Tamil Nadu
600010,Chennai GPO Sub-Post Office #9,Chennai,Tamil Nadu
600011,Chennai GPO Sub-Post Office #10,Chennai,Tamil Nadu
600012,Chennai GPO Sub-Post Office #11,Chennai,Tamil Nadu
600013,Chennai GPO Sub-Post Office #12,Chennai,Tamil Nadu
600014,Chennai GPO Sub-Post Office #13,Chennai,Tamil Nadu
600015,Chennai GPO Sub-Post Office #14,Chennai,Tamil Nadu
600016,Mylapore Sub-Post Office #12,Chennai,Tamil Nadu
600017,Mylapore Sub-Post Office #13,Chennai,Tamil Nadu
600018,Mylapore Sub-Post Office #14,Chennai,Tamil Nadu
600019,T Nagar Sub-Post Office #2,Chennai,Tamil Nadu
600020,T Nagar Sub-Post Office #3,Chennai,Tamil Nadu
600021,T Nagar Sub-Post Office #4,Chennai,Tamil Nadu
600022,T Nagar Sub-Post Office #5,Chennai,Tamil Nadu
600023,T Nagar Sub-Post Office #6,Chennai,Tamil Nadu
600024,T Nagar Sub-Post Office #7,Chennai,Tamil Nadu
600025,T Nagar Sub-Post Office #8,Chennai,Tamil Nadu
600026,T Nagar Sub-Post Office #9,Chennai,Tamil Nadu
600027,T Nagar Sub-Post Office #10,Chennai,Tamil Nadu
600028,T Nagar Sub-Post Office #11,Chennai,Tamil Nadu
600029,T Nagar Sub-Post Office #12,Chennai,Tamil Nadu
600030,T Nagar Sub-Post Office #13,Chennai,Tamil Nadu
600031,T Nagar Sub-Post Office #14,Chennai,Tamil Nadu
600032,RA Puram Sub-Post Office #4,Chennai,Tamil Nadu
600033,RA Puram Sub-Post Office #5,Chennai,Tamil Nadu
600034,RA Puram Sub-Post Office #6,Chennai,Tamil Nadu
600035,RA Puram Sub-Post Office #7,Chennai,Tamil Nadu
600036,RA Puram Sub-Post Office #8,Chennai,Tamil Nadu
600037,RA Puram Sub-Post Office #9,Chennai,Tamil Nadu
600038,RA Puram Sub-Post Office #10,Chennai,Tamil Nadu
600039,RA Puram Sub-Post Office #11,Chennai,Tamil Nadu
600040,RA Puram Sub-Post Office #12,Chennai,Tamil Nadu
600041,RA Puram Sub-Post Office #13,Chennai,Tamil Nadu
600042,RA Puram Sub-Post Office #14,Chennai,Tamil Nadu
600043,Guindy Sub-Post Office #11,Chennai,Tamil Nadu
600044,Guindy Sub-Post Office #12,Chennai,Tamil Nadu
600045,Guindy Sub-Post Office #13,Chennai,Tamil Nadu
600046,Guindy Sub-Post Office #14,Chennai,Tamil Nadu
600047,Anna Nagar Sub-Post Office #7,Chennai,Tamil Nadu
600048,Anna Nagar Sub-Post Office #8,Chennai,Tamil Nadu
600049,Anna Nagar Sub-Post Office #9,Chennai,Tamil Nadu
600050,Anna Nagar Sub-Post Office #10,Chennai,Tamil Nadu
600051,Anna Nagar Sub-Post Office #11,Chennai,Tamil Nadu
600052,Anna Nagar Sub-Post Office #12,Chennai,Tamil Nadu
600053,Anna Nagar Sub-Post Office #13,Chennai,Tamil Nadu
600054,Anna Nagar Sub-Post Office #14,Chennai,Tamil Nadu
600091,Perungudi Sub-Post Office #5,Chennai,Tamil Nadu
600092,Perungudi Sub-Post Office #4,Chennai,Tamil Nadu
600093,Perungudi Sub-Post Office #3,Chennai,Tamil Nadu
600094,Perungudi Sub-Post Office #2,Chennai,Tamil Nadu
600095,Perungudi Sub-Post Office #1,Chennai,Tamil Nadu
600097,Perungudi Sub-Post Office #1,Chennai,Tamil Nadu
600098,Perungudi Sub-Post Office #2,Chennai,Tamil Nadu
600099,Perungudi Sub-Post Office #3,Chennai,Tamil Nadu
600100,Perungudi Sub-Post Office #4,Chennai,Tamil Nadu
600101,Perungudi Sub-Post Office #5,Chennai,Tamil Nadu
600102,Perungudi Sub-Post Office #6,Chennai,Tamil Nadu
600103,Perungudi Sub-Post Office #7,Chennai,Tamil Nadu
600104,Perungudi Sub-Post Office #8,Chennai,Tamil Nadu
600105,Perungudi Sub-Post Office #9,Chennai,Tamil Nadu
600106,Perungudi Sub-Post Office #10,Chennai,Tamil Nadu
600107,Perungudi Sub-Post Office #11,Chennai,Tamil Nadu
600108,Perungudi Sub-Post Office #12,Chennai,Tamil Nadu
600109,Perungudi Sub-Post Office #13,Chennai,Tamil Nadu
600110,Perungudi Sub-Post Office #14,Chennai,Tamil Nadu
600111,Taramani / OMR Sub-Post Office #2,Chennai,Tamil Nadu
600112,Taramani / OMR Sub-Post Office #1,Chennai,Tamil Nadu
600114,Taramani / OMR Sub-Post Office #1,Chennai,Tamil Nadu
600115,Taramani / OMR Sub-Post Office #2,Chennai,Tamil Nadu
600116,Taramani / OMR Sub-Post Office #3,Chennai,Tamil Nadu
600117,Taramani / OMR Sub-Post Office #4,Chennai,Tamil Nadu
600118,Taramani / OMR Sub-Post Office #5,Chennai,Tamil Nadu
600119,Taramani / OMR Sub-Post Office #6,Chennai,Tamil Nadu
600120,Taramani / OMR Sub-Post Office #7,Chennai,Tamil Nadu
600121,Taramani / OMR Sub-Post Office #8,Chennai,Tamil Nadu
600122,Taramani / OMR Sub-Post Office #9,Chennai,Tamil Nadu
600123,Taramani / OMR Sub-Post Office #10,Chennai,Tamil Nadu
600124,Taramani / OMR Sub-Post Office #11,Chennai,Tamil Nadu
600125,Taramani / OMR Sub-Post Office #12,Chennai,Tamil Nadu
600126,Taramani / OMR Sub-Post Office #13,Chennai,Tamil Nadu
600127,Taramani / OMR Sub-Post Office #14,Chennai,Tamil Nadu
640996,Coimbatore HO Sub-Post Office #5,Coimbatore,Tamil Nadu
640997,Coimbatore HO Sub-Post Office #4,Coimbatore,Tamil Nadu
640998,Coimbatore HO Sub-Post Office #3,Coimbatore,Tamil Nadu
640999,Coimbatore HO Sub-Post Office #2,Coimbatore,Tamil Nadu
641000,Coimbatore HO Sub-Post Office #1,Coimbatore,Tamil Nadu
641002,Coimbatore HO Sub-Post Office #1,Coimbatore,Tamil Nadu
641003,Coimbatore HO Sub-Post Office #2,Coimbatore,Tamil Nadu
641004,Coimbatore HO Sub-Post Office #3,Coimbatore,Tamil Nadu
641005,Coimbatore HO Sub-Post Office #4,Coimbatore,Tamil Nadu
641006,Coimbatore HO Sub-Post Office #5,Coimbatore,Tamil Nadu
641007,Coimbatore HO Sub-Post Office #6,Coimbatore,Tamil Nadu
641008,Coimbatore HO Sub-Post Office #7,Coimbatore,Tamil Nadu
641009,Coimbatore HO Sub-Post Office #8,Coimbatore,Tamil Nadu
641010,Coimbatore HO Sub-Post Office #9,Coimbatore,Tamil Nadu
641011,Coimbatore HO Sub-Post Office #10,Coimbatore,Tamil Nadu
641012,Coimbatore HO Sub-Post Office #11,Coimbatore,Tamil Nadu
641013,Coimbatore HO Sub-Post Office #12,Coimbatore,Tamil Nadu
641014,Coimbatore HO Sub-Post Office #13,Coimbatore,Tamil Nadu
641015,Coimbatore HO Sub-Post Office #14,Coimbatore,Tamil Nadu
624996,Madurai HO Sub-Post Office #5,Madurai,Tamil Nadu
624997,Madurai HO Sub-Post Office #4,Madurai,Tamil Nadu
624998,Madurai HO Sub-Post Office #3,Madurai,Tamil Nadu
624999,Madurai HO Sub-Post Office #2,Madurai,Tamil Nadu
625000,Madurai HO Sub-Post Office #1,Madurai,Tamil Nadu
625002,Madurai HO Sub-Post Office #1,Madurai,Tamil Nadu
625003,Madurai HO Sub-Post Office #2,Madurai,Tamil Nadu
625004,Madurai HO Sub-Post Office #3,Madurai,Tamil Nadu
625005,Madurai HO Sub-Post Office #4,Madurai,Tamil Nadu
625006,Madurai HO Sub-Post Office #5,Madurai,Tamil Nadu
625007,Madurai HO Sub-Post Office #6,Madurai,Tamil Nadu
625008,Madurai HO Sub-Post Office #7,Madurai,Tamil Nadu
625009,Madurai HO Sub-Post Office #8,Madurai,Tamil Nadu
625010,Madurai HO Sub-Post Office #9,Madurai,Tamil Nadu
625011,Madurai HO Sub-Post Office #10,Madurai,Tamil Nadu
625012,Madurai HO Sub-Post Office #11,Madurai,Tamil Nadu
625013,Madurai HO Sub-Post Office #12,Madurai,Tamil Nadu
625014,Madurai HO Sub-Post Office #13,Madurai,Tamil Nadu
625015,Madurai HO Sub-Post Office #14,Madurai,Tamil Nadu
681996,Kochi GPO Sub-Post Office #5,Ernakulam,Kerala
681997,Kochi GPO Sub-Post Office #4,Ernakulam,Kerala
681998,Kochi GPO Sub-Post Office #3,Ernakulam,Kerala
681999,Kochi GPO Sub-Post Office #2,Ernakulam,Kerala
682000,Kochi GPO Sub-Post Office #1,Ernakulam,Kerala
682002,Kochi GPO Sub-Post Office #1,Ernakulam,Kerala
682003,Kochi GPO Sub-Post Office #2,Ernakulam,Kerala
682004,Kochi GPO Sub-Post Office #3,Ernakulam,Kerala
682005,Kochi GPO Sub-Post Office #4,Ernakulam,Kerala
682006,Kochi GPO Sub-Post Office #5,Ernakulam,Kerala
682007,Kochi GPO Sub-Post Office #6,Ernakulam,Kerala
682008,Kochi GPO Sub-Post Office #7,Ernakulam,Kerala
682009,Kochi GPO Sub-Post Office #8,Ernakulam,Kerala
682010,Kochi GPO Sub-Post Office #9,Ernakulam,Kerala
682011,Kochi GPO Sub-Post Office #10,Ernakulam,Kerala
682012,Kochi GPO Sub-Post Office #11,Ernakulam,Kerala
682013,Kochi GPO Sub-Post Office #12,Ernakulam,Kerala
682014,Kochi GPO Sub-Post Office #13,Ernakulam,Kerala
682015,Kochi GPO Sub-Post Office #14,Ernakulam,Kerala
694996,Thiruvananthapuram GPO Sub-Post Office #5,Thiruvananthapuram,Kerala
694997,Thiruvananthapuram GPO Sub-Post Office #4,Thiruvananthapuram,Kerala
694998,Thiruvananthapuram GPO Sub-Post Office #3,Thiruvananthapuram,Kerala
694999,Thiruvananthapuram GPO Sub-Post Office #2,Thiruvananthapuram,Kerala
695000,Thiruvananthapuram GPO Sub-Post Office #1,Thiruvananthapuram,Kerala
695002,Thiruvananthapuram GPO Sub-Post Office #1,Thiruvananthapuram,Kerala
695003,Thiruvananthapuram GPO Sub-Post Office #2,Thiruvananthapuram,Kerala
695004,Thiruvananthapuram GPO Sub-Post Office #3,Thiruvananthapuram,Kerala
695005,Thiruvananthapuram GPO Sub-Post Office #4,Thiruvananthapuram,Kerala
695006,Thiruvananthapuram GPO Sub-Post Office #5,Thiruvananthapuram,Kerala
695007,Thiruvananthapuram GPO Sub-Post Office #6,Thiruvananthapuram,Kerala
695008,Thiruvananthapuram GPO Sub-Post Office #7,Thiruvananthapuram,Kerala
695009,Thiruvananthapuram GPO Sub-Post Office #8,Thiruvananthapuram,Kerala
695010,Thiruvananthapuram GPO Sub-Post Office #9,Thiruvananthapuram,Kerala
695011,Thiruvananthapuram GPO Sub-Post Office #10,Thiruvananthapuram,Kerala
695012,Thiruvananthapuram GPO Sub-Post Office #11,Thiruvananthapuram,Kerala
695013,Thiruvananthapuram GPO Sub-Post Office #12,Thiruvananthapuram,Kerala
695014,Thiruvananthapuram GPO Sub-Post Office #13,Thiruvananthapuram,Kerala
695015,Thiruvananthapuram GPO Sub-Post Office #14,Thiruvananthapuram,Kerala
672996,Kozhikode HO Sub-Post Office #5,Kozhikode,Kerala
672997,Kozhikode HO Sub-Post Office #4,Kozhikode,Kerala
672998,Kozhikode HO Sub-Post Office #3,Kozhikode,Kerala
672999,Kozhikode HO Sub-Post Office #2,Kozhikode,Kerala
673000,Kozhikode HO Sub-Post Office #1,Kozhikode,Kerala
673002,Kozhikode HO Sub-Post Office #1,Kozhikode,Kerala
673003,Kozhikode HO Sub-Post Office #2,Kozhikode,Kerala
673004,Kozhikode HO Sub-Post Office #3,Kozhikode,Kerala
673005,Kozhikode HO Sub-Post Office #4,Kozhikode,Kerala
673006,Kozhikode HO Sub-Post Office #5,Kozhikode,Kerala
673007,Kozhikode HO Sub-Post Office #6,Kozhikode,Kerala
673008,Kozhikode HO Sub-Post Office #7,Kozhikode,Kerala
673009,Kozhikode HO Sub-Post Office #8,Kozhikode,Kerala
673010,Kozhikode HO Sub-Post Office #9,Kozhikode,Kerala
673011,Kozhikode HO Sub-Post Office #10,Kozhikode,Kerala
673012,Kozhikode HO Sub-Post Office #11,Kozhikode,Kerala
673013,Kozhikode HO Sub-Post Office #12,Kozhikode,Kerala
673014,Kozhikode HO Sub-Post Office #13,Kozhikode,Kerala
673015,Kozhikode HO Sub-Post Office #14,Kozhikode,Kerala
699996,Kolkata GPO Sub-Post Office #5,Kolkata,West Bengal
699997,Kolkata GPO Sub-Post Office #4,Kolkata,West Bengal
699998,Kolkata GPO Sub-Post Office #3,Kolkata,West Bengal
699999,Kolkata GPO Sub-Post Office #2,Kolkata,West Bengal
700000,Kolkata GPO Sub-Post Office #1,Kolkata,West Bengal
700002,Kolkata GPO Sub-Post Office #1,Kolkata,West Bengal
700003,Kolkata GPO Sub-Post Office #2,Kolkata,West Bengal
700004,Kolkata GPO Sub-Post Office #3,Kolkata,West Bengal
700005,Kolkata GPO Sub-Post Office #4,Kolkata,West Bengal
700006,Kolkata GPO Sub-Post Office #5,Kolkata,West Bengal
700007,Kolkata GPO Sub-Post Office #6,Kolkata,West Bengal
700008,Kolkata GPO Sub-Post Office #7,Kolkata,West Bengal
700009,Kolkata GPO Sub-Post Office #8,Kolkata,West Bengal
700010,Kolkata GPO Sub-Post Office #9,Kolkata,West Bengal
700011,Kolkata GPO Sub-Post Office #10,Kolkata,West Bengal
700012,Kolkata GPO Sub-Post Office #11,Kolkata,West Bengal
700013,Kolkata GPO Sub-Post Office #12,Kolkata,West Bengal
700014,Kolkata GPO Sub-Post Office #13,Kolkata,West Bengal
700015,Kolkata GPO Sub-Post Office #14,Kolkata,West Bengal
700017,Park Street Sub-Post Office #1,Kolkata,West Bengal
700018,Park Street Sub-Post Office #2,Kolkata,West Bengal
700019,Park Street Sub-Post Office #3,Kolkata,West Bengal
700020,Park Street Sub-Post Office #4,Kolkata,West Bengal
700021,Park Street Sub-Post Office #5,Kolkata,West Bengal
700022,Park Street Sub-Post Office #6,Kolkata,West Bengal
700023,Park Street Sub-Post Office #7,Kolkata,West Bengal
700024,Park Street Sub-Post Office #8,Kolkata,West Bengal
700025,Park Street Sub-Post Office #9,Kolkata,West Bengal
700026,Park Street Sub-Post Office #10,Kolkata,West Bengal
700027,Park Street Sub-Post Office #11,Kolkata,West Bengal
700028,Park Street Sub-Post Office #12,Kolkata,West Bengal
700029,Park Street Sub-Post Office #13,Kolkata,West Bengal
700030,Park Street Sub-Post Office #14,Kolkata,West Bengal
700031,Ballygunge Sub-Post Office #12,Kolkata,West Bengal
700032,Ballygunge Sub-Post Office #13,Kolkata,West Bengal
700033,Ballygunge Sub-Post Office #14,Kolkata,West Bengal
700034,Rash Behari Avenue Sub-Post Office #5,Kolkata,West Bengal
700035,Rash Behari Avenue Sub-Post Office #6,Kolkata,West Bengal
700036,Rash Behari Avenue Sub-Post Office #7,Kolkata,West Bengal
700037,Rash Behari Avenue Sub-Post Office #8,Kolkata,West Bengal
700038,Rash Behari Avenue Sub-Post Office #9,Kolkata,West Bengal
700039,Rash Behari Avenue Sub-Post Office #10,Kolkata,West Bengal
700040,Rash Behari Avenue Sub-Post Office #11,Kolkata,West Bengal
700041,Rash Behari Avenue Sub-Post Office #12,Kolkata,West Bengal
700042,Rash Behari Avenue Sub-Post Office #13,Kolkata,West Bengal
700043,Rash Behari Avenue Sub-Post Office #14,Kolkata,West Bengal
700086,Salt Lake Sector V Sub-Post Office #5,North 24 Parganas,West Bengal
700087,Salt Lake Sector V Sub-Post Office #4,North 24 Parganas,West Bengal
700088,Salt Lake Sector V Sub-Post Office #3,North 24 Parganas,West Bengal
700089,Salt Lake Sector V Sub-Post Office #2,North 24 Parganas,West Bengal
700090,Salt Lake Sector V Sub-Post Office #1,North 24 Parganas,West Bengal
700092,Salt Lake Sector V Sub-Post Office #1,North 24 Parganas,West Bengal
700093,Salt Lake Sector V Sub-Post Office #2,North 24 Parganas,West Bengal
700094,Salt Lake Sector V Sub-Post Office #3,North 24 Parganas,West Bengal
700095,Salt Lake Sector V Sub-Post Office #4,North 24 Parganas,West Bengal
700096,Salt Lake Sector V Sub-Post Office #5,North 24 Parganas,West Bengal
700097,Salt Lake Sector V Sub-Post Office #6,North 24 Parganas,West Bengal
700098,Salt Lake Sector V Sub-Post Office #7,North 24 Parganas,West Bengal
700099,Salt Lake Sector V Sub-Post Office #8,North 24 Parganas,West Bengal
700100,Salt Lake Sector V Sub-Post Office #9,North 24 Parganas,West Bengal
700101,Salt Lake Sector V Sub-Post Office #10,North 24 Parganas,West Bengal
700102,Salt Lake Sector V Sub-Post Office #11,North 24 Parganas,West Bengal
700103,Salt Lake Sector V Sub-Post Office #12,North 24 Parganas,West Bengal
700104,Salt Lake Sector V Sub-Post Office #13,North 24 Parganas,West Bengal
700105,Salt Lake Sector V Sub-Post Office #14,North 24 Parganas,West Bengal
700151,New Town Action Area 1 Sub-Post Office #5,North 24 Parganas,West Bengal
700152,New Town Action Area 1 Sub-Post Office #4,North 24 Parganas,West Bengal
700153,New Town Action Area 1 Sub-Post Office #3,North 24 Parganas,West Bengal
700154,New Town Action Area 1 Sub-Post Office #2,North 24 Parganas,West Bengal
700155,New Town Action Area 1 Sub-Post Office #1,North 24 Parganas,West Bengal
700157,New Town Action Area 1 Sub-Post Office #1,North 24 Parganas,West Bengal
700158,New Town Action Area 1 Sub-Post Office #2,North 24 Parganas,West Bengal
700159,New Town Action Area 1 Sub-Post Office #3,North 24 Parganas,West Bengal
700160,New Town Action Area 1 Sub-Post Office #4,North 24 Parganas,West Bengal
700161,New Town Action Area 1 Sub-Post Office #5,North 24 Parganas,West Bengal
700162,New Town Action Area 1 Sub-Post Office #6,North 24 Parganas,West Bengal
700163,New Town Action Area 1 Sub-Post Office #7,North 24 Parganas,West Bengal
700164,New Town Action Area 1 Sub-Post Office #8,North 24 Parganas,West Bengal
700165,New Town Action Area 1 Sub-Post Office #9,North 24 Parganas,West Bengal
700166,New Town Action Area 1 Sub-Post Office #10,North 24 Parganas,West Bengal
700167,New Town Action Area 1 Sub-Post Office #11,North 24 Parganas,West Bengal
700168,New Town Action Area 1 Sub-Post Office #12,North 24 Parganas,West Bengal
700169,New Town Action Area 1 Sub-Post Office #13,North 24 Parganas,West Bengal
700170,New Town Action Area 1 Sub-Post Office #14,North 24 Parganas,West Bengal
733996,Siliguri HO Sub-Post Office #5,Darjeeling,West Bengal
733997,Siliguri HO Sub-Post Office #4,Darjeeling,West Bengal
733998,Siliguri HO Sub-Post Office #3,Darjeeling,West Bengal
733999,Siliguri HO Sub-Post Office #2,Darjeeling,West Bengal
734000,Siliguri HO Sub-Post Office #1,Darjeeling,West Bengal
734002,Siliguri HO Sub-Post Office #1,Darjeeling,West Bengal
734003,Siliguri HO Sub-Post Office #2,Darjeeling,West Bengal
734004,Siliguri HO Sub-Post Office #3,Darjeeling,West Bengal
734005,Siliguri HO Sub-Post Office #4,Darjeeling,West Bengal
734006,Siliguri HO Sub-Post Office #5,Darjeeling,West Bengal
734007,Siliguri HO Sub-Post Office #6,Darjeeling,West Bengal
734008,Siliguri HO Sub-Post Office #7,Darjeeling,West Bengal
734009,Siliguri HO Sub-Post Office #8,Darjeeling,West Bengal
734010,Siliguri HO Sub-Post Office #9,Darjeeling,West Bengal
734011,Siliguri HO Sub-Post Office #10,Darjeeling,West Bengal
734012,Siliguri HO Sub-Post Office #11,Darjeeling,West Bengal
734013,Siliguri HO Sub-Post Office #12,Darjeeling,West Bengal
734014,Siliguri HO Sub-Post Office #13,Darjeeling,West Bengal
734015,Siliguri HO Sub-Post Office #14,Darjeeling,West Bengal
750996,Bhubaneswar GPO Sub-Post Office #5,Khurda,Odisha
750997,Bhubaneswar GPO Sub-Post Office #4,Khurda,Odisha
750998,Bhubaneswar GPO Sub-Post Office #3,Khurda,Odisha
750999,Bhubaneswar GPO Sub-Post Office #2,Khurda,Odisha
751000,Bhubaneswar GPO Sub-Post Office #1,Khurda,Odisha
751002,Bhubaneswar GPO Sub-Post Office #1,Khurda,Odisha
751003,Bhubaneswar GPO Sub-Post Office #2,Khurda,Odisha
751004,Bhubaneswar GPO Sub-Post Office #3,Khurda,Odisha
751005,Bhubaneswar GPO Sub-Post Office #4,Khurda,Odisha
751006,Bhubaneswar GPO Sub-Post Office #5,Khurda,Odisha
751007,Bhubaneswar GPO Sub-Post Office #6,Khurda,Odisha
751008,Bhubaneswar GPO Sub-Post Office #7,Khurda,Odisha
751009,Bhubaneswar GPO Sub-Post Office #8,Khurda,Odisha
751010,Bhubaneswar GPO Sub-Post Office #9,Khurda,Odisha
751011,Bhubaneswar GPO Sub-Post Office #10,Khurda,Odisha
751012,Bhubaneswar GPO Sub-Post Office #11,Khurda,Odisha
751013,Bhubaneswar GPO Sub-Post Office #12,Khurda,Odisha
751014,Bhubaneswar GPO Sub-Post Office #13,Khurda,Odisha
751015,Bhubaneswar GPO Sub-Post Office #14,Khurda,Odisha
780996,Guwahati GPO Sub-Post Office #5,Kamrup Metropolitan,Assam
780997,Guwahati GPO Sub-Post Office #4,Kamrup Metropolitan,Assam
780998,Guwahati GPO Sub-Post Office #3,Kamrup Metropolitan,Assam
780999,Guwahati GPO Sub-Post Office #2,Kamrup Metropolitan,Assam
781000,Guwahati GPO Sub-Post Office #1,Kamrup Metropolitan,Assam
781002,Guwahati GPO Sub-Post Office #1,Kamrup Metropolitan,Assam
781003,Guwahati GPO Sub-Post Office #2,Kamrup Metropolitan,Assam
781004,Guwahati GPO Sub-Post Office #3,Kamrup Metropolitan,Assam
781005,Guwahati GPO Sub-Post Office #4,Kamrup Metropolitan,Assam
781006,Guwahati GPO Sub-Post Office #5,Kamrup Metropolitan,Assam
781007,Guwahati GPO Sub-Post Office #6,Kamrup Metropolitan,Assam
781008,Guwahati GPO Sub-Post Office #7,Kamrup Metropolitan,Assam
781009,Guwahati GPO Sub-Post Office #8,Kamrup Metropolitan,Assam
781010,Guwahati GPO Sub-Post Office #9,Kamrup Metropolitan,Assam
781011,Guwahati GPO Sub-Post Office #10,Kamrup Metropolitan,Assam
781012,Guwahati GPO Sub-Post Office #11,Kamrup Metropolitan,Assam
781013,Guwahati GPO Sub-Post Office #12,Kamrup Metropolitan,Assam
781014,Guwahati GPO Sub-Post Office #13,Kamrup Metropolitan,Assam
781015,Guwahati GPO Sub-Post Office #14,Kamrup Metropolitan,Assam
379996,Ahmedabad GPO Sub-Post Office #5,Ahmedabad,Gujarat
379997,Ahmedabad GPO Sub-Post Office #4,Ahmedabad,Gujarat
379998,Ahmedabad GPO Sub-Post Office #3,Ahmedabad,Gujarat
379999,Ahmedabad GPO Sub-Post Office #2,Ahmedabad,Gujarat
380000,Ahmedabad GPO Sub-Post Office #1,Ahmedabad,Gujarat
380002,Ahmedabad GPO Sub-Post Office #1,Ahmedabad,Gujarat
380003,Ahmedabad GPO Sub-Post Office #2,Ahmedabad,Gujarat
380004,Ahmedabad GPO Sub-Post Office #3,Ahmedabad,Gujarat
380005,Ahmedabad GPO Sub-Post Office #4,Ahmedabad,Gujarat
380006,Ahmedabad GPO Sub-Post Office #5,Ahmedabad,Gujarat
380007,Ahmedabad GPO Sub-Post Office #6,Ahmedabad,Gujarat
380008,Ahmedabad GPO Sub-Post Office #7,Ahmedabad,Gujarat
380009,Ahmedabad GPO Sub-Post Office #8,Ahmedabad,Gujarat
380010,Ahmedabad GPO Sub-Post Office #9,Ahmedabad,Gujarat
380011,Ahmedabad GPO Sub-Post Office #10,Ahmedabad,Gujarat
380012,Ahmedabad GPO Sub-Post Office #11,Ahmedabad,Gujarat
380013,Ahmedabad GPO Sub-Post Office #12,Ahmedabad,Gujarat
380014,Ahmedabad GPO Sub-Post Office #13,Ahmedabad,Gujarat
380015,Ahmedabad GPO Sub-Post Office #14,Ahmedabad,Gujarat
380016,Satellite Sub-Post Office #1,Ahmedabad,Gujarat
380017,Satellite Sub-Post Office #2,Ahmedabad,Gujarat
380018,Satellite Sub-Post Office #3,Ahmedabad,Gujarat
380019,Satellite Sub-Post Office #4,Ahmedabad,Gujarat
380020,Satellite Sub-Post Office #5,Ahmedabad,Gujarat
380021,Satellite Sub-Post Office #6,Ahmedabad,Gujarat
380022,Satellite Sub-Post Office #7,Ahmedabad,Gujarat
380023,Satellite Sub-Post Office #8,Ahmedabad,Gujarat
380024,Satellite Sub-Post Office #9,Ahmedabad,Gujarat
380025,Satellite Sub-Post Office #10,Ahmedabad,Gujarat
380026,Satellite Sub-Post Office #11,Ahmedabad,Gujarat
380027,Satellite Sub-Post Office #12,Ahmedabad,Gujarat
380028,Satellite Sub-Post Office #13,Ahmedabad,Gujarat
380029,Satellite Sub-Post Office #14,Ahmedabad,Gujarat
389996,Vadodara HO Sub-Post Office #5,Vadodara,Gujarat
389997,Vadodara HO Sub-Post Office #4,Vadodara,Gujarat
389998,Vadodara HO Sub-Post Office #3,Vadodara,Gujarat
389999,Vadodara HO Sub-Post Office #2,Vadodara,Gujarat
390000,Vadodara HO Sub-Post Office #1,Vadodara,Gujarat
390002,Vadodara HO Sub-Post Office #1,Vadodara,Gujarat
390003,Vadodara HO Sub-Post Office #2,Vadodara,Gujarat
390004,Vadodara HO Sub-Post Office #3,Vadodara,Gujarat
390005,Vadodara HO Sub-Post Office #4,Vadodara,Gujarat
390006,Vadodara HO Sub-Post Office #5,Vadodara,Gujarat
390007,Vadodara HO Sub-Post Office #6,Vadodara,Gujarat
390008,Vadodara HO Sub-Post Office #7,Vadodara,Gujarat
390009,Vadodara HO Sub-Post Office #8,Vadodara,Gujarat
390010,Vadodara HO Sub-Post Office #9,Vadodara,Gujarat
390011,Vadodara HO Sub-Post Office #10,Vadodara,Gujarat
390012,Vadodara HO Sub-Post Office #11,Vadodara,Gujarat
390013,Vadodara HO Sub-Post Office #12,Vadodara,Gujarat
390014,Vadodara HO Sub-Post Office #13,Vadodara,Gujarat
390015,Vadodara HO Sub-Post Office #14,Vadodara,Gujarat
394996,Surat HO Sub-Post Office #5,Surat,Gujarat
394997,Surat HO Sub-Post Office #4,Surat,Gujarat
394998,Surat HO Sub-Post Office #3,Surat,Gujarat
394999,Surat HO Sub-Post Office #2,Surat,Gujarat
395000,Surat HO Sub-Post Office #1,Surat,Gujarat
395002,Surat HO Sub-Post Office #1,Surat,Gujarat
395003,Surat HO Sub-Post Office #2,Surat,Gujarat
395004,Surat HO Sub-Post Office #3,Surat,Gujarat
395005,Surat HO Sub-Post Office #4,Surat,Gujarat
395006,Surat HO Sub-Post Office #5,Surat,Gujarat
395007,Surat HO Sub-Post Office #6,Surat,Gujarat
395008,Surat HO Sub-Post Office #7,Surat,Gujarat
395009,Surat HO Sub-Post Office #8,Surat,Gujarat
395010,Surat HO Sub-Post Office #9,Surat,Gujarat
395011,Surat HO Sub-Post Office #10,Surat,Gujarat
395012,Surat HO Sub-Post Office #11,Surat,Gujarat
395013,Surat HO Sub-Post Office #12,Surat,Gujarat
395014,Surat HO Sub-Post Office #13,Surat,Gujarat
395015,Surat HO Sub-Post Office #14,Surat,Gujarat
451996,Indore GPO Sub-Post Office #5,Indore,Madhya Pradesh
451997,Indore GPO Sub-Post Office #4,Indore,Madhya Pradesh
451998,Indore GPO Sub-Post Office #3,Indore,Madhya Pradesh
451999,Indore GPO Sub-Post Office #2,Indore,Madhya Pradesh
452000,Indore GPO Sub-Post Office #1,Indore,Madhya Pradesh
452002,Indore GPO Sub-Post Office #1,Indore,Madhya Pradesh
452003,Indore GPO Sub-Post Office #2,Indore,Madhya Pradesh
452004,Indore GPO Sub-Post Office #3,Indore,Madhya Pradesh
452005,Indore GPO Sub-Post Office #4,Indore,Madhya Pradesh
452006,Indore GPO Sub-Post Office #5,Indore,Madhya Pradesh
452007,Indore GPO Sub-Post Office #6,Indore,Madhya Pradesh
452008,Indore GPO Sub-Post Office #7,Indore,Madhya Pradesh
452009,Indore GPO Sub-Post Office #8,Indore,Madhya Pradesh
452010,Indore GPO Sub-Post Office #9,Indore,Madhya Pradesh
452011,Indore GPO Sub-Post Office #10,Indore,Madhya Pradesh
452012,Indore GPO Sub-Post Office #11,Indore,Madhya Pradesh
452013,Indore GPO Sub-Post Office #12,Indore,Madhya Pradesh
452014,Indore GPO Sub-Post Office #13,Indore,Madhya Pradesh
452015,Indore GPO Sub-Post Office #14,Indore,Madhya Pradesh
461996,Bhopal GPO Sub-Post Office #5,Bhopal,Madhya Pradesh
461997,Bhopal GPO Sub-Post Office #4,Bhopal,Madhya Pradesh
461998,Bhopal GPO Sub-Post Office #3,Bhopal,Madhya Pradesh
461999,Bhopal GPO Sub-Post Office #2,Bhopal,Madhya Pradesh
462000,Bhopal GPO Sub-Post Office #1,Bhopal,Madhya Pradesh
462002,Bhopal GPO Sub-Post Office #1,Bhopal,Madhya Pradesh
462003,Bhopal GPO Sub-Post Office #2,Bhopal,Madhya Pradesh
462004,Bhopal GPO Sub-Post Office #3,Bhopal,Madhya Pradesh
462005,Bhopal GPO Sub-Post Office #4,Bhopal,Madhya Pradesh
462006,Bhopal GPO Sub-Post Office #5,Bhopal,Madhya Pradesh
462007,Bhopal GPO Sub-Post Office #6,Bhopal,Madhya Pradesh
462008,Bhopal GPO Sub-Post Office #7,Bhopal,Madhya Pradesh
462009,Bhopal GPO Sub-Post Office #8,Bhopal,Madhya Pradesh
462010,Bhopal GPO Sub-Post Office #9,Bhopal,Madhya Pradesh
462011,Bhopal GPO Sub-Post Office #10,Bhopal,Madhya Pradesh
462012,Bhopal GPO Sub-Post Office #11,Bhopal,Madhya Pradesh
462013,Bhopal GPO Sub-Post Office #12,Bhopal,Madhya Pradesh
462014,Bhopal GPO Sub-Post Office #13,Bhopal,Madhya Pradesh
462015,Bhopal GPO Sub-Post Office #14,Bhopal,Madhya Pradesh
491996,Raipur GPO Sub-Post Office #5,Raipur,Chhattisgarh
491997,Raipur GPO Sub-Post Office #4,Raipur,Chhattisgarh
491998,Raipur GPO Sub-Post Office #3,Raipur,Chhattisgarh
491999,Raipur GPO Sub-Post Office #2,Raipur,Chhattisgarh
492000,Raipur GPO Sub-Post Office #1,Raipur,Chhattisgarh
492002,Raipur GPO Sub-Post Office #1,Raipur,Chhattisgarh
492003,Raipur GPO Sub-Post Office #2,Raipur,Chhattisgarh
492004,Raipur GPO Sub-Post Office #3,Raipur,Chhattisgarh
492005,Raipur GPO Sub-Post Office #4,Raipur,Chhattisgarh
492006,Raipur GPO Sub-Post Office #5,Raipur,Chhattisgarh
492007,Raipur GPO Sub-Post Office #6,Raipur,Chhattisgarh
492008,Raipur GPO Sub-Post Office #7,Raipur,Chhattisgarh
492009,Raipur GPO Sub-Post Office #8,Raipur,Chhattisgarh
492010,Raipur GPO Sub-Post Office #9,Raipur,Chhattisgarh
492011,Raipur GPO Sub-Post Office #10,Raipur,Chhattisgarh
492012,Raipur GPO Sub-Post Office #11,Raipur,Chhattisgarh
492013,Raipur GPO Sub-Post Office #12,Raipur,Chhattisgarh
492014,Raipur GPO Sub-Post Office #13,Raipur,Chhattisgarh
492015,Raipur GPO Sub-Post Office #14,Raipur,Chhattisgarh
799996,Patna GPO Sub-Post Office #5,Patna,Bihar
799997,Patna GPO Sub-Post Office #4,Patna,Bihar
799998,Patna GPO Sub-Post Office #3,Patna,Bihar
799999,Patna GPO Sub-Post Office #2,Patna,Bihar
800000,Patna GPO Sub-Post Office #1,Patna,Bihar
800002,Patna GPO Sub-Post Office #1,Patna,Bihar
800003,Patna GPO Sub-Post Office #2,Patna,Bihar
800004,Patna GPO Sub-Post Office #3,Patna,Bihar
800005,Patna GPO Sub-Post Office #4,Patna,Bihar
800006,Patna GPO Sub-Post Office #5,Patna,Bihar
800007,Patna GPO Sub-Post Office #6,Patna,Bihar
800008,Patna GPO Sub-Post Office #7,Patna,Bihar
800009,Patna GPO Sub-Post Office #8,Patna,Bihar
800010,Patna GPO Sub-Post Office #9,Patna,Bihar
800011,Patna GPO Sub-Post Office #10,Patna,Bihar
800012,Patna GPO Sub-Post Office #11,Patna,Bihar
800013,Patna GPO Sub-Post Office #12,Patna,Bihar
800014,Patna GPO Sub-Post Office #13,Patna,Bihar
800015,Patna GPO Sub-Post Office #14,Patna,Bihar
833996,Ranchi GPO Sub-Post Office #5,Ranchi,Jharkhand
833997,Ranchi GPO Sub-Post Office #4,Ranchi,Jharkhand
833998,Ranchi GPO Sub-Post Office #3,Ranchi,Jharkhand
833999,Ranchi GPO Sub-Post Office #2,Ranchi,Jharkhand
834000,Ranchi GPO Sub-Post Office #1,Ranchi,Jharkhand
834002,Ranchi GPO Sub-Post Office #1,Ranchi,Jharkhand
834003,Ranchi GPO Sub-Post Office #2,Ranchi,Jharkhand
834004,Ranchi GPO Sub-Post Office #3,Ranchi,Jharkhand
834005,Ranchi GPO Sub-Post Office #4,Ranchi,Jharkhand
834006,Ranchi GPO Sub-Post Office #5,Ranchi,Jharkhand
834007,Ranchi GPO Sub-Post Office #6,Ranchi,Jharkhand
834008,Ranchi GPO Sub-Post Office #7,Ranchi,Jharkhand
834009,Ranchi GPO Sub-Post Office #8,Ranchi,Jharkhand
834010,Ranchi GPO Sub-Post Office #9,Ranchi,Jharkhand
834011,Ranchi GPO Sub-Post Office #10,Ranchi,Jharkhand
834012,Ranchi GPO Sub-Post Office #11,Ranchi,Jharkhand
834013,Ranchi GPO Sub-Post Office #12,Ranchi,Jharkhand
834014,Ranchi GPO Sub-Post Office #13,Ranchi,Jharkhand
834015,Ranchi GPO Sub-Post Office #14,Ranchi,Jharkhand
140996,Ludhiana GPO Sub-Post Office #5,Ludhiana,Punjab
140997,Ludhiana GPO Sub-Post Office #4,Ludhiana,Punjab
140998,Ludhiana GPO Sub-Post Office #3,Ludhiana,Punjab
140999,Ludhiana GPO Sub-Post Office #2,Ludhiana,Punjab
141000,Ludhiana GPO Sub-Post Office #1,Ludhiana,Punjab
141002,Ludhiana GPO Sub-Post Office #1,Ludhiana,Punjab
141003,Ludhiana GPO Sub-Post Office #2,Ludhiana,Punjab
141004,Ludhiana GPO Sub-Post Office #3,Ludhiana,Punjab
141005,Ludhiana GPO Sub-Post Office #4,Ludhiana,Punjab
141006,Ludhiana GPO Sub-Post Office #5,Ludhiana,Punjab
141007,Ludhiana GPO Sub-Post Office #6,Ludhiana,Punjab
141008,Ludhiana GPO Sub-Post Office #7,Ludhiana,Punjab
141009,Ludhiana GPO Sub-Post Office #8,Ludhiana,Punjab
141010,Ludhiana GPO Sub-Post Office #9,Ludhiana,Punjab
141011,Ludhiana GPO Sub-Post Office #10,Ludhiana,Punjab
141012,Ludhiana GPO Sub-Post Office #11,Ludhiana,Punjab
141013,Ludhiana GPO Sub-Post Office #12,Ludhiana,Punjab
141014,Ludhiana GPO Sub-Post Office #13,Ludhiana,Punjab
141015,Ludhiana GPO Sub-Post Office #14,Ludhiana,Punjab
160012,Chandigarh GPO Sub-Post Office #5,Chandigarh,Chandigarh
160013,Chandigarh GPO Sub-Post Office #4,Chandigarh,Chandigarh
160014,Chandigarh GPO Sub-Post Office #3,Chandigarh,Chandigarh
160015,Chandigarh GPO Sub-Post Office #2,Chandigarh,Chandigarh
160016,Chandigarh GPO Sub-Post Office #1,Chandigarh,Chandigarh
160018,Chandigarh GPO Sub-Post Office #1,Chandigarh,Chandigarh
160019,Chandigarh GPO Sub-Post Office #2,Chandigarh,Chandigarh
160020,Chandigarh GPO Sub-Post Office #3,Chandigarh,Chandigarh
160021,Chandigarh GPO Sub-Post Office #4,Chandigarh,Chandigarh
160022,Chandigarh GPO Sub-Post Office #5,Chandigarh,Chandigarh
160023,Chandigarh GPO Sub-Post Office #6,Chandigarh,Chandigarh
160024,Chandigarh GPO Sub-Post Office #7,Chandigarh,Chandigarh
160025,Chandigarh GPO Sub-Post Office #8,Chandigarh,Chandigarh
160026,Chandigarh GPO Sub-Post Office #9,Chandigarh,Chandigarh
160027,Chandigarh GPO Sub-Post Office #10,Chandigarh,Chandigarh
160028,Chandigarh GPO Sub-Post Office #11,Chandigarh,Chandigarh
160029,Chandigarh GPO Sub-Post Office #12,Chandigarh,Chandigarh
160030,Chandigarh GPO Sub-Post Office #13,Chandigarh,Chandigarh
160031,Chandigarh GPO Sub-Post Office #14,Chandigarh,Chandigarh
170996,Shimla GPO Sub-Post Office #5,Shimla,Himachal Pradesh
170997,Shimla GPO Sub-Post Office #4,Shimla,Himachal Pradesh
170998,Shimla GPO Sub-Post Office #3,Shimla,Himachal Pradesh
170999,Shimla GPO Sub-Post Office #2,Shimla,Himachal Pradesh
171000,Shimla GPO Sub-Post Office #1,Shimla,Himachal Pradesh
171002,Shimla GPO Sub-Post Office #1,Shimla,Himachal Pradesh
171003,Shimla GPO Sub-Post Office #2,Shimla,Himachal Pradesh
171004,Shimla GPO Sub-Post Office #3,Shimla,Himachal Pradesh
171005,Shimla GPO Sub-Post Office #4,Shimla,Himachal Pradesh
171006,Shimla GPO Sub-Post Office #5,Shimla,Himachal Pradesh
171007,Shimla GPO Sub-Post Office #6,Shimla,Himachal Pradesh
171008,Shimla GPO Sub-Post Office #7,Shimla,Himachal Pradesh
171009,Shimla GPO Sub-Post Office #8,Shimla,Himachal Pradesh
171010,Shimla GPO Sub-Post Office #9,Shimla,Himachal Pradesh
171011,Shimla GPO Sub-Post Office #10,Shimla,Himachal Pradesh
171012,Shimla GPO Sub-Post Office #11,Shimla,Himachal Pradesh
171013,Shimla GPO Sub-Post Office #12,Shimla,Himachal Pradesh
171014,Shimla GPO Sub-Post Office #13,Shimla,Himachal Pradesh
171015,Shimla GPO Sub-Post Office #14,Shimla,Himachal Pradesh
189996,Srinagar GPO Sub-Post Office #5,Srinagar,Jammu & Kashmir
189997,Srinagar GPO Sub-Post Office #4,Srinagar,Jammu & Kashmir
189998,Srinagar GPO Sub-Post Office #3,Srinagar,Jammu & Kashmir
189999,Srinagar GPO Sub-Post Office #2,Srinagar,Jammu & Kashmir
190000,Srinagar GPO Sub-Post Office #1,Srinagar,Jammu & Kashmir
190002,Srinagar GPO Sub-Post Office #1,Srinagar,Jammu & Kashmir
190003,Srinagar GPO Sub-Post Office #2,Srinagar,Jammu & Kashmir
190004,Srinagar GPO Sub-Post Office #3,Srinagar,Jammu & Kashmir
190005,Srinagar GPO Sub-Post Office #4,Srinagar,Jammu & Kashmir
190006,Srinagar GPO Sub-Post Office #5,Srinagar,Jammu & Kashmir
190007,Srinagar GPO Sub-Post Office #6,Srinagar,Jammu & Kashmir
190008,Srinagar GPO Sub-Post Office #7,Srinagar,Jammu & Kashmir
190009,Srinagar GPO Sub-Post Office #8,Srinagar,Jammu & Kashmir
190010,Srinagar GPO Sub-Post Office #9,Srinagar,Jammu & Kashmir
190011,Srinagar GPO Sub-Post Office #10,Srinagar,Jammu & Kashmir
190012,Srinagar GPO Sub-Post Office #11,Srinagar,Jammu & Kashmir
190013,Srinagar GPO Sub-Post Office #12,Srinagar,Jammu & Kashmir
190014,Srinagar GPO Sub-Post Office #13,Srinagar,Jammu & Kashmir
190015,Srinagar GPO Sub-Post Office #14,Srinagar,Jammu & Kashmir
179996,Jammu HO Sub-Post Office #5,Jammu,Jammu & Kashmir
179997,Jammu HO Sub-Post Office #4,Jammu,Jammu & Kashmir
179998,Jammu HO Sub-Post Office #3,Jammu,Jammu & Kashmir
179999,Jammu HO Sub-Post Office #2,Jammu,Jammu & Kashmir
180000,Jammu HO Sub-Post Office #1,Jammu,Jammu & Kashmir
180002,Jammu HO Sub-Post Office #1,Jammu,Jammu & Kashmir
180003,Jammu HO Sub-Post Office #2,Jammu,Jammu & Kashmir
180004,Jammu HO Sub-Post Office #3,Jammu,Jammu & Kashmir
180005,Jammu HO Sub-Post Office #4,Jammu,Jammu & Kashmir
180006,Jammu HO Sub-Post Office #5,Jammu,Jammu & Kashmir
180007,Jammu HO Sub-Post Office #6,Jammu,Jammu & Kashmir
180008,Jammu HO Sub-Post Office #7,Jammu,Jammu & Kashmir
180009,Jammu HO Sub-Post Office #8,Jammu,Jammu & Kashmir
180010,Jammu HO Sub-Post Office #9,Jammu,Jammu & Kashmir
180011,Jammu HO Sub-Post Office #10,Jammu,Jammu & Kashmir
180012,Jammu HO Sub-Post Office #11,Jammu,Jammu & Kashmir
180013,Jammu HO Sub-Post Office #12,Jammu,Jammu & Kashmir
180014,Jammu HO Sub-Post Office #13,Jammu,Jammu & Kashmir
180015,Jammu HO Sub-Post Office #14,Jammu,Jammu & Kashmir
247996,Dehradun GPO Sub-Post Office #5,Dehradun,Uttarakhand
247997,Dehradun GPO Sub-Post Office #4,Dehradun,Uttarakhand
247998,Dehradun GPO Sub-Post Office #3,Dehradun,Uttarakhand
247999,Dehradun GPO Sub-Post Office #2,Dehradun,Uttarakhand
248000,Dehradun GPO Sub-Post Office #1,Dehradun,Uttarakhand
248002,Dehradun GPO Sub-Post Office #1,Dehradun,Uttarakhand
248003,Dehradun GPO Sub-Post Office #2,Dehradun,Uttarakhand
248004,Dehradun GPO Sub-Post Office #3,Dehradun,Uttarakhand
248005,Dehradun GPO Sub-Post Office #4,Dehradun,Uttarakhand
248006,Dehradun GPO Sub-Post Office #5,Dehradun,Uttarakhand
248007,Dehradun GPO Sub-Post Office #6,Dehradun,Uttarakhand
248008,Dehradun GPO Sub-Post Office #7,Dehradun,Uttarakhand
248009,Dehradun GPO Sub-Post Office #8,Dehradun,Uttarakhand
248010,Dehradun GPO Sub-Post Office #9,Dehradun,Uttarakhand
248011,Dehradun GPO Sub-Post Office #10,Dehradun,Uttarakhand
248012,Dehradun GPO Sub-Post Office #11,Dehradun,Uttarakhand
248013,Dehradun GPO Sub-Post Office #12,Dehradun,Uttarakhand
248014,Dehradun GPO Sub-Post Office #13,Dehradun,Uttarakhand
248015,Dehradun GPO Sub-Post Office #14,Dehradun,Uttarakhand
